{"new_class_distiction": {"maximum": [0.61, 0.62, 0.62, 0.63, 0.65, 0.65, 0.63, 0.64, 0.64, 0.64], "balanced_max": [0.65, 0.68, 0.68, 0.75, 0.74, 0.76, 0.7, 0.72, 0.71, 0.7], "mean_over5": [0.5860000000000001, 0.604, 0.5980000000000001, 0.6, 0.608, 0.6180000000000001, 0.586, 0.6180000000000001, 0.6180000000000001, 0.616]}}