{"play_outcome": {"mean_over5": [0.962, 0.96, 0.968, 0.97, 0.958, 0.9759999999999998, 0.9739999999999999, 0.966, 0.982, 0.9639999999999999], "maximum": [0.98, 0.97, 0.98, 0.98, 0.97, 0.98, 0.98, 0.98, 0.99, 0.98], "balanced_max": [0.94, 0.94, 0.96, 0.94, 0.93, 0.97, 0.95, 0.92, 0.98, 0.94]}, "5_8_stretch": {"mean_over5": [0.54, 0.576, 0.42799999999999994, 0.492, 0.564, 0.522, 0.514, 0.584, 0.5700000000000001, 0.548], "maximum": [0.6, 0.66, 0.56, 0.59, 0.63, 0.62, 0.61, 0.64, 0.62, 0.59], "balanced_max": [0.74, 0.7, 0.62, 0.55, 0.72, 0.72, 0.58, 0.64, 0.63, 0.61]}, "position": {"balanced_max": [0.97, 0.96, 0.96, 0.97, 0.98, 0.98, 0.97, 0.97, 0.97, 0.97], "maximum": [0.97, 0.97, 0.96, 0.97, 0.98, 0.98, 0.97, 0.97, 0.97, 0.97], "mean_over5": [0.962, 0.958, 0.946, 0.958, 0.954, 0.9659999999999999, 0.968, 0.9640000000000001, 0.954, 0.958]}, "1_3_stretch": {"mean_over5": [0.662, 0.668, 0.678, 0.6839999999999999, 0.666, 0.6900000000000002, 0.696, 0.702, 0.714, 0.6960000000000001], "maximum": [0.7, 0.71, 0.74, 0.71, 0.71, 0.72, 0.73, 0.74, 0.74, 0.73], "balanced_max": [0.66, 0.62, 0.57, 0.62, 0.64, 0.68, 0.63, 0.66, 0.66, 0.63]}, "5_8_both": {"mean_over5": [0.616, 0.592, 0.5959999999999999, 0.5900000000000001, 0.5959999999999999, 0.614, 0.594, 0.5900000000000001, 0.586, 0.596], "maximum": [0.66, 0.63, 0.66, 0.64, 0.64, 0.69, 0.66, 0.62, 0.65, 0.66], "balanced_max": [0.62, 0.66, 0.68, 0.54, 0.51, 0.71, 0.62, 0.61, 0.55, 0.58]}, "1_8_windup": {"mean_over5": [0.536, 0.518, 0.534, 0.516, 0.506, 0.522, 0.518, 0.5439999999999999, 0.524, 0.538], "maximum": [0.55, 0.56, 0.55, 0.55, 0.55, 0.55, 0.54, 0.58, 0.55, 0.57], "balanced_max": [0.63, 0.59, 0.63, 0.55, 0.61, 0.57, 0.55, 0.64, 0.58, 0.66]}, "1_8_both": {"mean_over5": [0.518, 0.54, 0.506, 0.5279999999999999, 0.52, 0.49800000000000005, 0.532, 0.536, 0.5280000000000001, 0.54], "maximum": [0.55, 0.57, 0.55, 0.56, 0.56, 0.54, 0.55, 0.56, 0.57, 0.57], "balanced_max": [0.63, 0.6, 0.55, 0.6, 0.61, 0.55, 0.62, 0.62, 0.59, 0.61]}, "5_3_windup": {"mean_over5": [0.7280000000000001, 0.804, 0.8160000000000001, 0.79, 0.796, 0.8019999999999999, 0.79, 0.716, 0.686, 0.7539999999999999], "maximum": [0.79, 0.84, 0.85, 0.81, 0.85, 0.85, 0.85, 0.78, 0.75, 0.76], "balanced_max": [0.76, 0.86, 0.75, 0.58, 0.76, 0.89, 0.78, 0.69, 0.67, 0.75]}, "1_3_windup": {"balanced_max": [0.59, 0.68, 0.6, 0.68, 0.63, 0.64, 0.62, 0.59, 0.63, 0.67], "maximum": [0.73, 0.75, 0.73, 0.79, 0.73, 0.76, 0.72, 0.7, 0.73, 0.72], "mean_over5": [0.7, 0.692, 0.7, 0.71, 0.6599999999999999, 0.724, 0.6799999999999999, 0.646, 0.666, 0.6839999999999999]}, "1_8_stretch": {"mean_over5": [0.45600000000000007, 0.48200000000000004, 0.508, 0.524, 0.49399999999999994, 0.532, 0.514, 0.506, 0.532, 0.53], "maximum": [0.49, 0.53, 0.54, 0.56, 0.55, 0.61, 0.58, 0.55, 0.59, 0.56], "balanced_max": [0.62, 0.59, 0.59, 0.51, 0.63, 0.67, 0.63, 0.57, 0.63, 0.64]}, "5_3_both": {"mean_over5": [0.818, 0.7459999999999999, 0.796, 0.742, 0.7779999999999999, 0.772, 0.7760000000000001, 0.764, 0.7939999999999999, 0.772], "maximum": [0.84, 0.77, 0.82, 0.78, 0.8, 0.79, 0.8, 0.79, 0.82, 0.81], "balanced_max": [0.75, 0.72, 0.74, 0.74, 0.75, 0.7, 0.72, 0.74, 0.78, 0.73]}, "5_8_windup": {"mean_over5": [0.6799999999999999, 0.642, 0.68, 0.628, 0.67, 0.6960000000000001, 0.61, 0.594, 0.616, 0.616], "maximum": [0.72, 0.75, 0.74, 0.69, 0.75, 0.74, 0.66, 0.65, 0.72, 0.69], "balanced_max": [0.73, 0.72, 0.7, 0.7, 0.75, 0.73, 0.56, 0.64, 0.67, 0.69]}, "5_3_stretch": {"mean_over5": [0.72, 0.7539999999999999, 0.85, 0.742, 0.744, 0.702, 0.8, 0.728, 0.734, 0.808], "maximum": [0.78, 0.79, 0.9, 0.77, 0.8, 0.77, 0.82, 0.83, 0.8, 0.83], "balanced_max": [0.76, 0.73, 0.86, 0.73, 0.85, 0.79, 0.81, 0.78, 0.77, 0.8]}, "1_3_both": {"balanced_max": [0.60999999999999999, 0.66000000000000003, 0.63, 0.62, 0.62, 0.65000000000000002, 0.64000000000000001, 0.67000000000000004, 0.60999999999999999, 0.63], "maximum": [0.72999999999999998, 0.72999999999999998, 0.71999999999999997, 0.70999999999999996, 0.70999999999999996, 0.71999999999999997, 0.72999999999999998, 0.72999999999999998, 0.69999999999999996, 0.72999999999999998], "mean_over5": [0.69799999999999995, 0.69400000000000006, 0.68400000000000005, 0.69399999999999995, 0.69000000000000006, 0.69600000000000006, 0.69999999999999996, 0.70999999999999996, 0.67600000000000005, 0.69399999999999995]}}