{"acc_train": [0.14, 0.17, 0.27, 0.28, 0.21, 0.22, 0.28, 0.22, 0.27, 0.32, 0.3, 0.31, 0.3, 0.29, 0.31, 0.32, 0.29, 0.29, 0.33, 0.31, 0.35, 0.36, 0.31, 0.33, 0.31, 0.35, 0.32, 0.3, 0.35, 0.33, 0.35, 0.32, 0.33, 0.33, 0.36, 0.37, 0.37, 0.38, 0.35, 0.33, 0.38, 0.37, 0.37, 0.35, 0.38, 0.37, 0.39, 0.39, 0.36, 0.34, 0.4, 0.38, 0.37, 0.42, 0.39, 0.43, 0.4, 0.43, 0.36, 0.41, 0.41, 0.44, 0.42, 0.41, 0.42, 0.41, 0.44, 0.46, 0.43, 0.43, 0.43, 0.42, 0.42, 0.45, 0.45, 0.47, 0.44, 0.47, 0.46, 0.44, 0.47, 0.44, 0.43, 0.44, 0.46, 0.49, 0.47, 0.48, 0.48, 0.46, 0.46, 0.49, 0.48, 0.47, 0.48, 0.5, 0.5, 0.46, 0.5, 0.48, 0.47, 0.51, 0.44, 0.48, 0.49, 0.48, 0.52, 0.52, 0.52, 0.52, 0.51, 0.47, 0.51, 0.51, 0.49, 0.52, 0.51, 0.51, 0.51, 0.51, 0.54, 0.52, 0.53, 0.53, 0.55, 0.53, 0.54, 0.55, 0.53, 0.53, 0.51, 0.55, 0.56, 0.51, 0.54, 0.53, 0.53, 0.56, 0.57, 0.5, 0.55, 0.54, 0.56, 0.56, 0.56, 0.56, 0.57, 0.58, 0.55, 0.54, 0.56, 0.53, 0.58, 0.53, 0.56, 0.57, 0.55, 0.54, 0.54, 0.55, 0.58, 0.6, 0.59, 0.56, 0.54, 0.54, 0.58, 0.59, 0.59, 0.6, 0.58, 0.57, 0.56, 0.6, 0.58, 0.56, 0.54, 0.58, 0.61, 0.6, 0.56, 0.59, 0.61, 0.62, 0.58, 0.62, 0.61, 0.6, 0.62, 0.58, 0.59, 0.59, 0.61, 0.6, 0.6, 0.61, 0.63, 0.63, 0.61, 0.63, 0.64], "losses": [2.109999895095825, 1.9900000095367432, 1.9199999570846558, 1.909999966621399, 1.899999976158142, 1.9199999570846558, 1.8799999952316284, 2.059999942779541, 1.8899999856948853, 1.840000033378601, 1.8799999952316284, 1.7999999523162842, 1.840000033378601, 1.809999942779541, 1.7699999809265137, 1.7400000095367432, 1.7899999618530273, 1.940000057220459, 1.7699999809265137, 1.7799999713897705, 1.7200000286102295, 1.7799999713897705, 1.8200000524520874, 1.8200000524520874, 1.850000023841858, 1.7999999523162842, 1.8799999952316284, 1.840000033378601, 1.7699999809265137, 1.7899999618530273, 1.7400000095367432, 1.8300000429153442, 1.7599999904632568, 1.809999942779541, 1.809999942779541, 1.7799999713897705, 1.7599999904632568, 1.7300000190734863, 1.8300000429153442, 1.8300000429153442, 1.7200000286102295, 1.7999999523162842, 1.840000033378601, 1.7699999809265137, 1.7899999618530273, 1.8200000524520874, 1.7999999523162842, 1.7899999618530273, 1.8200000524520874, 1.909999966621399, 1.7599999904632568, 1.7799999713897705, 1.850000023841858, 1.7799999713897705, 1.8200000524520874, 1.7999999523162842, 1.7899999618530273, 1.75, 1.8799999952316284, 1.809999942779541, 1.850000023841858, 1.75, 1.7999999523162842, 1.7999999523162842, 1.850000023841858, 1.8799999952316284, 1.8200000524520874, 1.7599999904632568, 1.7899999618530273, 1.809999942779541, 1.850000023841858, 1.8600000143051147, 1.899999976158142, 1.8200000524520874, 1.7899999618530273, 1.75, 1.8200000524520874, 1.8200000524520874, 1.8600000143051147, 1.899999976158142, 1.840000033378601, 1.9299999475479126, 1.850000023841858, 1.8799999952316284, 1.8200000524520874, 1.8600000143051147, 1.850000023841858, 1.8600000143051147, 1.7899999618530273, 1.7999999523162842, 1.8300000429153442, 1.8200000524520874, 1.8300000429153442, 1.7799999713897705, 1.8799999952316284, 1.8600000143051147, 1.8700000047683716, 1.9199999570846558, 1.8300000429153442, 1.9500000476837158, 1.8700000047683716, 1.840000033378601, 1.8799999952316284, 1.850000023841858, 1.850000023841858, 1.9299999475479126, 1.8300000429153442, 1.8700000047683716, 1.8899999856948853, 1.8600000143051147, 1.8300000429153442, 2.009999990463257, 1.909999966621399, 1.899999976158142, 1.9199999570846558, 1.8700000047683716, 1.8899999856948853, 1.9299999475479126, 1.899999976158142, 1.940000057220459, 1.940000057220459, 1.8799999952316284, 1.909999966621399, 1.909999966621399, 1.8899999856948853, 1.899999976158142, 1.899999976158142, 1.8799999952316284, 1.9299999475479126, 1.909999966621399, 1.9900000095367432, 1.899999976158142, 1.899999976158142, 1.9900000095367432, 1.9299999475479126, 1.8799999952316284, 1.8700000047683716, 1.809999942779541, 1.8899999856948853, 1.9900000095367432, 1.9600000381469727, 1.9500000476837158, 1.9700000286102295, 1.9299999475479126, 1.9700000286102295, 1.9199999570846558, 2.0, 1.9700000286102295, 2.0, 1.9700000286102295, 1.940000057220459, 1.9700000286102295, 1.9199999570846558, 1.9700000286102295, 2.0199999809265137, 1.9800000190734863, 1.940000057220459, 1.9500000476837158, 1.9600000381469727, 2.0399999618530273, 1.9900000095367432, 1.9800000190734863, 1.9600000381469727, 1.9800000190734863, 2.059999942779541, 2.0799999237060547, 1.940000057220459, 1.9700000286102295, 1.9500000476837158, 1.9500000476837158, 1.9900000095367432, 2.009999990463257, 1.909999966621399, 2.009999990463257, 1.940000057220459, 2.049999952316284, 2.140000104904175, 2.0999999046325684, 2.0, 1.9500000476837158, 1.9500000476837158, 2.049999952316284, 1.9700000286102295, 1.9900000095367432, 1.9900000095367432, 1.9600000381469727, 1.940000057220459, 2.0799999237060547, 1.9600000381469727, 2.0899999141693115, 1.9800000190734863, 1.9800000190734863, 2.069999933242798, 2.0899999141693115, 2.0199999809265137, 2.049999952316284, 2.009999990463257, 1.9900000095367432, 1.9700000286102295, 1.9800000190734863, 2.009999990463257], "acc_balanced": [0.3, 0.28, 0.3, 0.3, 0.33, 0.32, 0.36, 0.34, 0.36, 0.32, 0.4, 0.35, 0.34, 0.38, 0.35, 0.36, 0.34, 0.38, 0.38, 0.37, 0.38, 0.38, 0.41, 0.31, 0.35, 0.37, 0.37, 0.34, 0.35, 0.35, 0.36, 0.36, 0.43, 0.38, 0.38, 0.43, 0.41, 0.36, 0.38, 0.36, 0.39, 0.36, 0.38, 0.43, 0.38, 0.41, 0.38, 0.38, 0.33, 0.4, 0.41, 0.38, 0.4, 0.4, 0.38, 0.39, 0.34, 0.38, 0.45, 0.37, 0.38, 0.35, 0.39, 0.42, 0.36, 0.34, 0.36, 0.38, 0.36, 0.36, 0.4, 0.43, 0.41, 0.42, 0.42, 0.39, 0.36, 0.41, 0.36, 0.32, 0.34, 0.37, 0.37, 0.38, 0.36, 0.39, 0.43, 0.4, 0.35, 0.46, 0.37, 0.39, 0.35, 0.4, 0.36, 0.38, 0.41, 0.42, 0.4, 0.37, 0.42, 0.38, 0.39, 0.43, 0.38, 0.39, 0.38, 0.37, 0.39, 0.38, 0.4, 0.42, 0.37, 0.36, 0.43, 0.42, 0.37, 0.37, 0.39, 0.35, 0.36, 0.4, 0.39, 0.38, 0.43, 0.37, 0.37, 0.36, 0.36, 0.36, 0.4, 0.41, 0.37, 0.4, 0.37, 0.39, 0.42, 0.4, 0.41, 0.4, 0.38, 0.39, 0.38, 0.35, 0.38, 0.37, 0.38, 0.37, 0.39, 0.42, 0.39, 0.39, 0.4, 0.39, 0.37, 0.39, 0.34, 0.39, 0.4, 0.39, 0.4, 0.39, 0.39, 0.38, 0.4, 0.4, 0.4, 0.43, 0.4, 0.39, 0.41, 0.38, 0.42, 0.38, 0.4, 0.39, 0.41, 0.4, 0.39, 0.4, 0.41, 0.42, 0.4, 0.36, 0.45, 0.39, 0.4, 0.4, 0.4, 0.41, 0.38, 0.39, 0.4, 0.39, 0.4, 0.41, 0.41, 0.42, 0.4, 0.41, 0.41], "acc_test": [0.14, 0.15, 0.29, 0.28, 0.21, 0.19, 0.29, 0.2, 0.24, 0.32, 0.3, 0.28, 0.28, 0.26, 0.29, 0.31, 0.26, 0.27, 0.31, 0.28, 0.33, 0.32, 0.28, 0.27, 0.26, 0.28, 0.27, 0.25, 0.29, 0.27, 0.29, 0.27, 0.29, 0.28, 0.3, 0.32, 0.32, 0.32, 0.3, 0.28, 0.31, 0.31, 0.31, 0.31, 0.3, 0.31, 0.32, 0.34, 0.28, 0.28, 0.32, 0.32, 0.29, 0.33, 0.32, 0.34, 0.31, 0.34, 0.32, 0.32, 0.32, 0.34, 0.33, 0.33, 0.29, 0.3, 0.33, 0.37, 0.34, 0.33, 0.32, 0.34, 0.3, 0.33, 0.34, 0.37, 0.32, 0.34, 0.34, 0.31, 0.32, 0.32, 0.3, 0.3, 0.34, 0.37, 0.34, 0.33, 0.36, 0.36, 0.35, 0.36, 0.33, 0.36, 0.32, 0.34, 0.35, 0.33, 0.38, 0.34, 0.34, 0.35, 0.35, 0.35, 0.35, 0.34, 0.36, 0.36, 0.36, 0.36, 0.38, 0.32, 0.36, 0.36, 0.35, 0.36, 0.35, 0.34, 0.34, 0.33, 0.36, 0.37, 0.37, 0.37, 0.37, 0.35, 0.35, 0.37, 0.33, 0.34, 0.35, 0.37, 0.35, 0.34, 0.36, 0.35, 0.36, 0.39, 0.38, 0.33, 0.36, 0.35, 0.35, 0.36, 0.35, 0.37, 0.34, 0.36, 0.35, 0.37, 0.37, 0.33, 0.38, 0.36, 0.36, 0.36, 0.36, 0.36, 0.35, 0.35, 0.37, 0.38, 0.37, 0.36, 0.34, 0.34, 0.34, 0.37, 0.35, 0.37, 0.38, 0.36, 0.38, 0.36, 0.37, 0.36, 0.32, 0.35, 0.37, 0.38, 0.37, 0.37, 0.37, 0.37, 0.38, 0.41, 0.39, 0.37, 0.38, 0.36, 0.38, 0.37, 0.36, 0.36, 0.38, 0.37, 0.37, 0.41, 0.4, 0.39, 0.4]}