{"acc_train": [0.18, 0.25, 0.28, 0.29, 0.31, 0.32, 0.35, 0.37, 0.4, 0.42, 0.42, 0.43, 0.4, 0.43, 0.47, 0.48, 0.46, 0.49, 0.46, 0.52, 0.51, 0.52, 0.55, 0.55, 0.53, 0.55, 0.54, 0.55, 0.56, 0.56, 0.53, 0.6, 0.61, 0.6, 0.63, 0.58, 0.63, 0.64, 0.61, 0.64, 0.65, 0.64, 0.66, 0.68, 0.68, 0.7, 0.71, 0.7, 0.71, 0.7, 0.72, 0.7, 0.74, 0.72, 0.74, 0.75, 0.74, 0.75, 0.75, 0.75, 0.76, 0.77, 0.75, 0.77, 0.76, 0.75, 0.76, 0.76, 0.79, 0.8, 0.78, 0.79, 0.8, 0.83, 0.84, 0.82, 0.83, 0.83, 0.82, 0.84, 0.83, 0.85, 0.83, 0.82, 0.82, 0.83, 0.83, 0.84, 0.83, 0.83, 0.86, 0.85, 0.84, 0.85, 0.86, 0.86, 0.86, 0.86, 0.87, 0.88, 0.88, 0.89, 0.89, 0.88, 0.89, 0.86, 0.89, 0.89, 0.88, 0.89, 0.88, 0.88, 0.88, 0.89, 0.9, 0.9, 0.88, 0.9, 0.87, 0.88, 0.87, 0.89, 0.89, 0.87, 0.89, 0.89, 0.9, 0.92, 0.92, 0.91, 0.92, 0.92, 0.92, 0.92, 0.92, 0.88, 0.9, 0.92, 0.91, 0.91, 0.89, 0.9, 0.9, 0.89, 0.91, 0.93, 0.93, 0.93, 0.91, 0.91, 0.93, 0.93, 0.92, 0.93, 0.92, 0.95, 0.95, 0.95, 0.95, 0.94, 0.89, 0.9, 0.9, 0.92, 0.94, 0.93, 0.94, 0.95, 0.93, 0.94, 0.92, 0.94, 0.94, 0.94, 0.95, 0.93, 0.94, 0.95, 0.96, 0.96, 0.96, 0.94, 0.94, 0.95, 0.91, 0.92, 0.93, 0.94, 0.94, 0.96, 0.95, 0.96, 0.96, 0.96, 0.97, 0.94, 0.94, 0.94, 0.94, 0.94, 0.95], "losses": [2.069999933242798, 1.909999966621399, 1.850000023841858, 1.8799999952316284, 1.9199999570846558, 1.8200000524520874, 1.7599999904632568, 1.7699999809265137, 1.7200000286102295, 1.7000000476837158, 1.6799999475479126, 1.690000057220459, 1.7200000286102295, 1.7599999904632568, 1.659999966621399, 1.5800000429153442, 1.690000057220459, 1.6699999570846558, 1.7400000095367432, 1.6399999856948853, 1.6299999952316284, 1.659999966621399, 1.6399999856948853, 1.649999976158142, 1.6299999952316284, 1.6200000047683716, 1.649999976158142, 1.649999976158142, 1.6399999856948853, 1.7100000381469727, 1.7000000476837158, 1.649999976158142, 1.6699999570846558, 1.659999966621399, 1.6799999475479126, 1.7100000381469727, 1.659999966621399, 1.6699999570846558, 1.75, 1.6699999570846558, 1.690000057220459, 1.7400000095367432, 1.7300000190734863, 1.7100000381469727, 1.7899999618530273, 1.75, 1.7000000476837158, 1.7599999904632568, 1.75, 1.75, 1.7300000190734863, 1.8200000524520874, 1.7799999713897705, 1.8200000524520874, 1.8600000143051147, 1.840000033378601, 1.8600000143051147, 1.8600000143051147, 1.8200000524520874, 1.840000033378601, 1.909999966621399, 1.9199999570846558, 1.9900000095367432, 1.8899999856948853, 1.9600000381469727, 1.9299999475479126, 1.9800000190734863, 2.049999952316284, 1.9700000286102295, 1.9600000381469727, 2.0399999618530273, 2.069999933242798, 1.9600000381469727, 2.049999952316284, 2.0399999618530273, 2.059999942779541, 2.0199999809265137, 2.0999999046325684, 2.049999952316284, 2.049999952316284, 2.1600000858306885, 2.1600000858306885, 2.190000057220459, 2.1700000762939453, 2.180000066757202, 2.0899999141693115, 2.059999942779541, 2.0999999046325684, 2.119999885559082, 2.1700000762939453, 2.1700000762939453, 2.2200000286102295, 2.1700000762939453, 2.200000047683716, 2.2200000286102295, 2.1700000762939453, 2.299999952316284, 2.180000066757202, 2.2300000190734863, 2.2100000381469727, 2.240000009536743, 2.25, 2.259999990463257, 2.3399999141693115, 2.4200000762939453, 2.440000057220459, 2.369999885559082, 2.2799999713897705, 2.369999885559082, 2.3399999141693115, 2.359999895095825, 2.369999885559082, 2.309999942779541, 2.359999895095825, 2.4100000858306885, 2.490000009536743, 2.369999885559082, 2.430000066757202, 2.509999990463257, 2.430000066757202, 2.5199999809265137, 2.450000047683716, 2.450000047683716, 2.440000057220459, 2.430000066757202, 2.450000047683716, 2.440000057220459, 2.4600000381469727, 2.4000000953674316, 2.450000047683716, 2.5799999237060547, 2.559999942779541, 2.5399999618530273, 2.5799999237060547, 2.5299999713897705, 2.630000114440918, 2.700000047683716, 2.559999942779541, 2.5299999713897705, 2.619999885559082, 2.630000114440918, 2.5899999141693115, 2.5399999618530273, 2.640000104904175, 2.5199999809265137, 2.549999952316284, 2.569999933242798, 2.619999885559082, 2.690000057220459, 2.6600000858306885, 2.5999999046325684, 2.6500000953674316, 2.6700000762939453, 2.619999885559082, 2.5999999046325684, 2.630000114440918, 2.6500000953674316, 2.7200000286102295, 2.7300000190734863, 2.7100000381469727, 2.690000057220459, 2.5799999237060547, 2.6500000953674316, 2.6500000953674316, 2.690000057220459, 2.7200000286102295, 2.6500000953674316, 2.5999999046325684, 2.6700000762939453, 2.75, 2.680000066757202, 2.690000057220459, 2.7100000381469727, 2.7699999809265137, 2.7899999618530273, 2.819999933242798, 2.6700000762939453, 2.690000057220459, 2.809999942779541, 2.799999952316284, 2.75, 2.7300000190734863, 2.880000114440918, 2.809999942779541, 2.799999952316284, 2.5899999141693115, 2.680000066757202, 2.690000057220459, 2.7799999713897705, 2.7899999618530273, 2.7300000190734863, 2.7699999809265137, 2.740000009536743, 2.7799999713897705, 2.8399999141693115, 2.75, 2.799999952316284, 2.8299999237060547, 2.799999952316284, 2.6600000858306885, 2.759999990463257], "acc_balanced": [0.34, 0.39, 0.4, 0.41, 0.44, 0.45, 0.45, 0.41, 0.42, 0.43, 0.42, 0.46, 0.44, 0.43, 0.43, 0.42, 0.43, 0.43, 0.45, 0.44, 0.45, 0.44, 0.41, 0.42, 0.49, 0.44, 0.44, 0.41, 0.47, 0.43, 0.46, 0.45, 0.43, 0.44, 0.46, 0.43, 0.42, 0.41, 0.44, 0.48, 0.45, 0.47, 0.46, 0.43, 0.45, 0.42, 0.42, 0.46, 0.46, 0.44, 0.47, 0.45, 0.45, 0.45, 0.44, 0.44, 0.43, 0.45, 0.47, 0.42, 0.42, 0.46, 0.41, 0.45, 0.46, 0.41, 0.42, 0.46, 0.42, 0.47, 0.45, 0.41, 0.46, 0.46, 0.45, 0.42, 0.45, 0.47, 0.42, 0.42, 0.42, 0.45, 0.46, 0.44, 0.42, 0.44, 0.44, 0.42, 0.42, 0.44, 0.43, 0.44, 0.48, 0.44, 0.42, 0.45, 0.41, 0.42, 0.45, 0.44, 0.47, 0.47, 0.48, 0.43, 0.44, 0.45, 0.44, 0.43, 0.43, 0.44, 0.41, 0.42, 0.41, 0.44, 0.42, 0.45, 0.43, 0.43, 0.44, 0.45, 0.44, 0.47, 0.46, 0.44, 0.43, 0.46, 0.45, 0.44, 0.44, 0.44, 0.42, 0.43, 0.44, 0.44, 0.43, 0.43, 0.41, 0.44, 0.45, 0.44, 0.44, 0.45, 0.45, 0.46, 0.43, 0.45, 0.41, 0.42, 0.39, 0.43, 0.45, 0.44, 0.46, 0.45, 0.44, 0.43, 0.46, 0.45, 0.45, 0.44, 0.46, 0.45, 0.44, 0.44, 0.44, 0.45, 0.43, 0.44, 0.43, 0.44, 0.43, 0.44, 0.44, 0.44, 0.44, 0.38, 0.44, 0.43, 0.42, 0.42, 0.4, 0.44, 0.41, 0.42, 0.45, 0.45, 0.44, 0.44, 0.43, 0.44, 0.44, 0.42, 0.46, 0.45, 0.44, 0.47, 0.45, 0.45, 0.44, 0.45, 0.46], "acc_test": [0.17, 0.22, 0.25, 0.26, 0.27, 0.29, 0.31, 0.3, 0.34, 0.33, 0.34, 0.35, 0.34, 0.33, 0.35, 0.36, 0.36, 0.36, 0.36, 0.39, 0.37, 0.37, 0.37, 0.37, 0.38, 0.4, 0.38, 0.37, 0.42, 0.39, 0.39, 0.41, 0.4, 0.41, 0.43, 0.37, 0.4, 0.39, 0.4, 0.42, 0.41, 0.42, 0.43, 0.43, 0.44, 0.42, 0.42, 0.41, 0.45, 0.43, 0.44, 0.43, 0.45, 0.41, 0.43, 0.42, 0.41, 0.43, 0.44, 0.41, 0.43, 0.42, 0.41, 0.45, 0.44, 0.42, 0.43, 0.42, 0.43, 0.44, 0.42, 0.42, 0.44, 0.44, 0.44, 0.43, 0.45, 0.44, 0.41, 0.44, 0.43, 0.45, 0.43, 0.43, 0.42, 0.46, 0.45, 0.44, 0.44, 0.46, 0.45, 0.42, 0.46, 0.43, 0.43, 0.45, 0.44, 0.44, 0.46, 0.46, 0.46, 0.45, 0.47, 0.45, 0.44, 0.44, 0.43, 0.45, 0.44, 0.46, 0.44, 0.45, 0.44, 0.45, 0.45, 0.47, 0.45, 0.44, 0.42, 0.45, 0.43, 0.46, 0.44, 0.44, 0.44, 0.44, 0.45, 0.46, 0.46, 0.48, 0.41, 0.44, 0.47, 0.44, 0.47, 0.44, 0.41, 0.43, 0.44, 0.43, 0.42, 0.46, 0.44, 0.45, 0.43, 0.44, 0.44, 0.43, 0.4, 0.43, 0.44, 0.44, 0.44, 0.46, 0.44, 0.47, 0.46, 0.47, 0.45, 0.46, 0.45, 0.46, 0.46, 0.46, 0.45, 0.45, 0.46, 0.48, 0.45, 0.44, 0.44, 0.44, 0.44, 0.44, 0.45, 0.43, 0.46, 0.46, 0.44, 0.45, 0.44, 0.46, 0.44, 0.44, 0.44, 0.47, 0.44, 0.47, 0.45, 0.47, 0.46, 0.46, 0.46, 0.48, 0.48, 0.46, 0.46, 0.46, 0.44, 0.47, 0.48]}