{"acc_train": [0.18, 0.22, 0.25, 0.27, 0.29, 0.34, 0.31, 0.33, 0.34, 0.36, 0.35, 0.39, 0.37, 0.4, 0.39, 0.4, 0.42, 0.42, 0.4, 0.4, 0.45, 0.44, 0.43, 0.43, 0.45, 0.46, 0.47, 0.47, 0.46, 0.49, 0.49, 0.5, 0.5, 0.5, 0.51, 0.51, 0.52, 0.5, 0.52, 0.51, 0.51, 0.55, 0.54, 0.56, 0.53, 0.55, 0.56, 0.55, 0.55, 0.56, 0.58, 0.59, 0.59, 0.58, 0.59, 0.57, 0.61, 0.6, 0.62, 0.61, 0.63, 0.6, 0.62, 0.65, 0.59, 0.61, 0.63, 0.63, 0.68, 0.65, 0.66, 0.63, 0.65, 0.67, 0.67, 0.66, 0.7, 0.68, 0.69, 0.69, 0.68, 0.68, 0.65, 0.68, 0.68, 0.7, 0.72, 0.71, 0.7, 0.72, 0.66, 0.68, 0.72, 0.72, 0.74, 0.69, 0.69, 0.72, 0.72, 0.74, 0.74, 0.72, 0.75, 0.77, 0.73, 0.76, 0.76, 0.76, 0.73, 0.76, 0.77, 0.78, 0.77, 0.79, 0.78, 0.78, 0.8, 0.77, 0.77, 0.77, 0.7, 0.73, 0.76, 0.77, 0.8, 0.81, 0.78, 0.77, 0.65, 0.76, 0.78, 0.81, 0.82, 0.79, 0.81, 0.8, 0.81, 0.79, 0.81, 0.81, 0.85, 0.86, 0.84, 0.85, 0.82, 0.82, 0.81, 0.82, 0.83, 0.83, 0.81, 0.82, 0.84, 0.81, 0.76, 0.78, 0.83, 0.84, 0.83, 0.85, 0.84, 0.86, 0.87, 0.87, 0.88, 0.8, 0.83, 0.83, 0.85, 0.85, 0.87, 0.88, 0.85, 0.86, 0.88, 0.88, 0.85, 0.86, 0.87, 0.87, 0.87, 0.86, 0.88, 0.88, 0.88, 0.84, 0.8, 0.84, 0.85, 0.87, 0.88, 0.89, 0.89, 0.88, 0.87, 0.88, 0.88, 0.85, 0.83, 0.86, 0.85], "losses": [2.0999999046325684, 2.0, 1.9199999570846558, 1.9199999570846558, 1.909999966621399, 1.850000023841858, 1.909999966621399, 1.850000023841858, 1.8799999952316284, 1.809999942779541, 1.850000023841858, 1.7699999809265137, 1.7799999713897705, 1.7200000286102295, 1.7799999713897705, 1.7999999523162842, 1.7300000190734863, 1.75, 1.8300000429153442, 1.8200000524520874, 1.7300000190734863, 1.7400000095367432, 1.7999999523162842, 1.8200000524520874, 1.7599999904632568, 1.75, 1.7400000095367432, 1.7200000286102295, 1.7699999809265137, 1.7400000095367432, 1.7100000381469727, 1.690000057220459, 1.7400000095367432, 1.7799999713897705, 1.7200000286102295, 1.7599999904632568, 1.6699999570846558, 1.7799999713897705, 1.7300000190734863, 1.7200000286102295, 1.7799999713897705, 1.7100000381469727, 1.7699999809265137, 1.7400000095367432, 1.809999942779541, 1.7300000190734863, 1.7400000095367432, 1.7799999713897705, 1.8200000524520874, 1.840000033378601, 1.7699999809265137, 1.7899999618530273, 1.7799999713897705, 1.7899999618530273, 1.7799999713897705, 1.8300000429153442, 1.7300000190734863, 1.7999999523162842, 1.7799999713897705, 1.7799999713897705, 1.7799999713897705, 1.850000023841858, 1.8600000143051147, 1.75, 1.8600000143051147, 1.809999942779541, 1.8200000524520874, 1.8700000047683716, 1.809999942779541, 1.8899999856948853, 1.8799999952316284, 1.9299999475479126, 1.850000023841858, 1.9299999475479126, 1.940000057220459, 1.9199999570846558, 1.850000023841858, 2.009999990463257, 1.9199999570846558, 1.9299999475479126, 1.9199999570846558, 1.9600000381469727, 1.9900000095367432, 1.9700000286102295, 1.9600000381469727, 1.940000057220459, 1.9299999475479126, 1.9900000095367432, 2.0, 1.9500000476837158, 2.0199999809265137, 2.0399999618530273, 1.940000057220459, 2.0199999809265137, 2.0199999809265137, 2.0999999046325684, 2.0299999713897705, 2.009999990463257, 2.059999942779541, 2.0399999618530273, 1.9800000190734863, 2.009999990463257, 2.0, 2.0299999713897705, 2.069999933242798, 2.119999885559082, 2.1600000858306885, 2.190000057220459, 2.190000057220459, 2.109999895095825, 2.140000104904175, 2.140000104904175, 2.190000057220459, 2.140000104904175, 2.190000057220459, 2.1500000953674316, 2.1700000762939453, 2.2200000286102295, 2.140000104904175, 2.1700000762939453, 2.190000057220459, 2.25, 2.180000066757202, 2.2100000381469727, 2.1600000858306885, 2.1600000858306885, 2.200000047683716, 2.140000104904175, 2.359999895095825, 2.0999999046325684, 2.180000066757202, 2.130000114440918, 2.2100000381469727, 2.2200000286102295, 2.190000057220459, 2.25, 2.369999885559082, 2.25, 2.25, 2.3499999046325684, 2.319999933242798, 2.2899999618530273, 2.3499999046325684, 2.309999942779541, 2.359999895095825, 2.3399999141693115, 2.2699999809265137, 2.359999895095825, 2.390000104904175, 2.390000104904175, 2.309999942779541, 2.319999933242798, 2.3299999237060547, 2.299999952316284, 2.369999885559082, 2.369999885559082, 2.259999990463257, 2.3299999237060547, 2.319999933242798, 2.359999895095825, 2.380000114440918, 2.380000114440918, 2.440000057220459, 2.369999885559082, 2.450000047683716, 2.440000057220459, 2.3499999046325684, 2.390000104904175, 2.3399999141693115, 2.490000009536743, 2.4100000858306885, 2.4700000286102295, 2.430000066757202, 2.369999885559082, 2.4600000381469727, 2.4600000381469727, 2.5199999809265137, 2.509999990463257, 2.5199999809265137, 2.619999885559082, 2.490000009536743, 2.5999999046325684, 2.559999942779541, 2.5399999618530273, 2.6500000953674316, 2.700000047683716, 2.5999999046325684, 2.490000009536743, 2.5, 2.5, 2.5, 2.5299999713897705, 2.5899999141693115, 2.640000104904175, 2.5399999618530273, 2.630000114440918, 2.6500000953674316, 2.740000009536743, 2.5199999809265137, 2.5399999618530273, 2.5299999713897705], "acc_balanced": [0.36, 0.33, 0.35, 0.37, 0.39, 0.41, 0.39, 0.42, 0.44, 0.44, 0.45, 0.42, 0.47, 0.43, 0.45, 0.43, 0.44, 0.4, 0.41, 0.42, 0.44, 0.43, 0.42, 0.42, 0.43, 0.44, 0.42, 0.41, 0.43, 0.41, 0.43, 0.44, 0.41, 0.45, 0.44, 0.44, 0.43, 0.45, 0.45, 0.48, 0.44, 0.45, 0.46, 0.45, 0.45, 0.46, 0.46, 0.43, 0.42, 0.42, 0.46, 0.44, 0.43, 0.43, 0.4, 0.44, 0.45, 0.46, 0.44, 0.47, 0.44, 0.46, 0.39, 0.43, 0.45, 0.45, 0.45, 0.45, 0.45, 0.39, 0.45, 0.44, 0.42, 0.43, 0.4, 0.44, 0.43, 0.42, 0.44, 0.42, 0.44, 0.43, 0.46, 0.43, 0.43, 0.45, 0.43, 0.38, 0.39, 0.4, 0.45, 0.43, 0.42, 0.37, 0.4, 0.44, 0.43, 0.43, 0.4, 0.42, 0.44, 0.41, 0.41, 0.43, 0.39, 0.39, 0.41, 0.39, 0.4, 0.41, 0.4, 0.41, 0.42, 0.39, 0.4, 0.42, 0.39, 0.42, 0.44, 0.42, 0.42, 0.39, 0.4, 0.41, 0.43, 0.39, 0.4, 0.43, 0.43, 0.41, 0.44, 0.39, 0.41, 0.39, 0.44, 0.43, 0.4, 0.4, 0.39, 0.4, 0.39, 0.41, 0.42, 0.38, 0.4, 0.41, 0.4, 0.4, 0.4, 0.38, 0.41, 0.39, 0.4, 0.42, 0.39, 0.38, 0.41, 0.39, 0.44, 0.4, 0.41, 0.4, 0.36, 0.38, 0.4, 0.4, 0.41, 0.38, 0.41, 0.38, 0.39, 0.36, 0.39, 0.42, 0.39, 0.41, 0.39, 0.38, 0.41, 0.4, 0.43, 0.38, 0.4, 0.41, 0.38, 0.39, 0.43, 0.4, 0.41, 0.4, 0.42, 0.4, 0.39, 0.38, 0.41, 0.4, 0.37, 0.38, 0.45, 0.42, 0.4], "acc_test": [0.19, 0.19, 0.22, 0.24, 0.25, 0.31, 0.28, 0.28, 0.29, 0.3, 0.3, 0.32, 0.32, 0.33, 0.33, 0.34, 0.35, 0.34, 0.29, 0.31, 0.35, 0.36, 0.35, 0.33, 0.35, 0.35, 0.36, 0.36, 0.34, 0.34, 0.34, 0.37, 0.34, 0.35, 0.37, 0.36, 0.36, 0.36, 0.37, 0.4, 0.36, 0.38, 0.36, 0.37, 0.37, 0.38, 0.37, 0.37, 0.35, 0.35, 0.39, 0.38, 0.4, 0.36, 0.37, 0.37, 0.4, 0.39, 0.39, 0.4, 0.39, 0.37, 0.37, 0.4, 0.4, 0.38, 0.4, 0.37, 0.39, 0.38, 0.4, 0.4, 0.38, 0.38, 0.38, 0.38, 0.41, 0.38, 0.41, 0.38, 0.42, 0.37, 0.4, 0.39, 0.38, 0.42, 0.41, 0.38, 0.38, 0.4, 0.39, 0.4, 0.4, 0.37, 0.39, 0.39, 0.38, 0.4, 0.38, 0.4, 0.42, 0.39, 0.4, 0.42, 0.37, 0.39, 0.4, 0.38, 0.38, 0.43, 0.38, 0.41, 0.41, 0.41, 0.4, 0.4, 0.41, 0.41, 0.42, 0.41, 0.4, 0.39, 0.39, 0.4, 0.4, 0.4, 0.39, 0.43, 0.37, 0.39, 0.4, 0.41, 0.42, 0.41, 0.4, 0.4, 0.4, 0.41, 0.4, 0.4, 0.41, 0.42, 0.43, 0.42, 0.41, 0.39, 0.43, 0.4, 0.42, 0.41, 0.4, 0.41, 0.42, 0.43, 0.4, 0.4, 0.43, 0.42, 0.41, 0.41, 0.41, 0.4, 0.39, 0.42, 0.42, 0.4, 0.41, 0.4, 0.42, 0.38, 0.41, 0.4, 0.4, 0.43, 0.41, 0.41, 0.41, 0.42, 0.4, 0.41, 0.42, 0.4, 0.42, 0.43, 0.4, 0.39, 0.42, 0.42, 0.43, 0.42, 0.43, 0.41, 0.41, 0.4, 0.43, 0.4, 0.4, 0.39, 0.45, 0.44, 0.43]}