{"acc_train": [0.21, 0.25, 0.31, 0.3, 0.29, 0.34, 0.33, 0.34, 0.34, 0.35, 0.36, 0.4, 0.4, 0.39, 0.39, 0.41, 0.44, 0.42, 0.43, 0.46, 0.44, 0.44, 0.48, 0.45, 0.47, 0.51, 0.5, 0.53, 0.52, 0.5, 0.53, 0.55, 0.53, 0.57, 0.58, 0.56, 0.61, 0.61, 0.61, 0.61, 0.61, 0.61, 0.65, 0.65, 0.64, 0.66, 0.61, 0.65, 0.66, 0.67, 0.7, 0.69, 0.7, 0.69, 0.69, 0.69, 0.73, 0.73, 0.71, 0.74, 0.73, 0.74, 0.73, 0.75, 0.75, 0.75, 0.76, 0.74, 0.77, 0.76, 0.78, 0.79, 0.76, 0.8, 0.78, 0.79, 0.8, 0.78, 0.8, 0.79, 0.8, 0.78, 0.81, 0.83, 0.8, 0.8, 0.82, 0.84, 0.84, 0.83, 0.82, 0.83, 0.83, 0.86, 0.87, 0.84, 0.86, 0.81, 0.84, 0.86, 0.85, 0.85, 0.87, 0.83, 0.86, 0.87, 0.87, 0.88, 0.86, 0.85, 0.86, 0.87, 0.9, 0.88, 0.88, 0.88, 0.88, 0.87, 0.89, 0.85, 0.87, 0.88, 0.88, 0.89, 0.89, 0.89, 0.9, 0.9, 0.88, 0.89, 0.91, 0.89, 0.89, 0.88, 0.9, 0.9, 0.92, 0.9, 0.9, 0.89, 0.89, 0.91, 0.89, 0.9, 0.92, 0.92, 0.92, 0.9, 0.91, 0.91, 0.91, 0.9, 0.93, 0.93, 0.91, 0.92, 0.92, 0.91, 0.93, 0.93, 0.93, 0.9, 0.89, 0.92, 0.9, 0.93, 0.93, 0.91, 0.93, 0.92, 0.93, 0.93, 0.94, 0.93, 0.92, 0.93, 0.94, 0.94, 0.95, 0.95, 0.94, 0.93, 0.95, 0.94, 0.93, 0.93, 0.92, 0.93, 0.94, 0.94, 0.94, 0.95, 0.95, 0.94, 0.95, 0.94, 0.93, 0.94, 0.94, 0.9, 0.92], "losses": [2.0, 1.909999966621399, 1.7599999904632568, 1.7799999713897705, 1.7999999523162842, 1.7000000476837158, 1.75, 1.75, 1.75, 1.7000000476837158, 1.649999976158142, 1.6200000047683716, 1.6399999856948853, 1.6699999570846558, 1.6299999952316284, 1.590000033378601, 1.5800000429153442, 1.6200000047683716, 1.6399999856948853, 1.590000033378601, 1.6100000143051147, 1.6100000143051147, 1.6699999570846558, 1.6799999475479126, 1.6399999856948853, 1.559999942779541, 1.6299999952316284, 1.5800000429153442, 1.6399999856948853, 1.600000023841858, 1.6399999856948853, 1.659999966621399, 1.659999966621399, 1.6699999570846558, 1.6799999475479126, 1.6699999570846558, 1.600000023841858, 1.590000033378601, 1.6100000143051147, 1.6200000047683716, 1.6699999570846558, 1.690000057220459, 1.590000033378601, 1.6299999952316284, 1.690000057220459, 1.6299999952316284, 1.6799999475479126, 1.6100000143051147, 1.6200000047683716, 1.649999976158142, 1.7300000190734863, 1.7200000286102295, 1.6200000047683716, 1.7000000476837158, 1.649999976158142, 1.7200000286102295, 1.690000057220459, 1.7200000286102295, 1.7599999904632568, 1.7999999523162842, 1.7100000381469727, 1.75, 1.7000000476837158, 1.6699999570846558, 1.7899999618530273, 1.7799999713897705, 1.7899999618530273, 1.8200000524520874, 1.7100000381469727, 1.7100000381469727, 1.840000033378601, 1.7999999523162842, 1.940000057220459, 1.7599999904632568, 1.8300000429153442, 1.9199999570846558, 1.8600000143051147, 1.9500000476837158, 1.909999966621399, 1.9600000381469727, 1.909999966621399, 1.9700000286102295, 1.9600000381469727, 1.9800000190734863, 1.9500000476837158, 1.9600000381469727, 1.9199999570846558, 2.0299999713897705, 2.0, 2.0899999141693115, 1.9700000286102295, 2.0, 1.9700000286102295, 2.0299999713897705, 2.109999895095825, 2.1600000858306885, 2.1600000858306885, 2.1600000858306885, 1.9800000190734863, 2.109999895095825, 2.240000009536743, 2.2100000381469727, 2.2200000286102295, 2.2200000286102295, 2.1600000858306885, 2.1600000858306885, 2.0999999046325684, 2.059999942779541, 2.1600000858306885, 2.2300000190734863, 2.2300000190734863, 2.2300000190734863, 2.1600000858306885, 2.2799999713897705, 2.2200000286102295, 2.109999895095825, 2.1700000762939453, 2.130000114440918, 2.130000114440918, 2.2100000381469727, 2.130000114440918, 2.009999990463257, 2.0399999618530273, 2.140000104904175, 2.1700000762939453, 2.2699999809265137, 2.2699999809265137, 2.190000057220459, 2.180000066757202, 2.25, 2.2899999618530273, 2.2200000286102295, 2.2799999713897705, 2.309999942779541, 2.2899999618530273, 2.2899999618530273, 2.2699999809265137, 2.3499999046325684, 2.200000047683716, 2.1500000953674316, 2.259999990463257, 2.2799999713897705, 2.309999942779541, 2.3299999237060547, 2.2699999809265137, 2.299999952316284, 2.2799999713897705, 2.309999942779541, 2.2100000381469727, 2.2899999618530273, 2.180000066757202, 2.190000057220459, 2.200000047683716, 2.240000009536743, 2.309999942779541, 2.140000104904175, 2.2300000190734863, 2.25, 2.2799999713897705, 2.450000047683716, 2.4200000762939453, 2.3499999046325684, 2.359999895095825, 2.2200000286102295, 2.390000104904175, 2.319999933242798, 2.359999895095825, 2.490000009536743, 2.369999885559082, 2.450000047683716, 2.369999885559082, 2.309999942779541, 2.309999942779541, 2.2899999618530273, 2.4200000762939453, 2.390000104904175, 2.380000114440918, 2.3499999046325684, 2.440000057220459, 2.359999895095825, 2.509999990463257, 2.380000114440918, 2.4000000953674316, 2.5, 2.4600000381469727, 2.559999942779541, 2.3299999237060547, 2.3499999046325684, 2.4000000953674316, 2.4800000190734863, 2.4600000381469727, 2.5799999237060547, 2.369999885559082, 2.359999895095825, 2.569999933242798, 2.5299999713897705, 2.4200000762939453, 2.450000047683716, 2.440000057220459, 2.4700000286102295, 2.25], "acc_balanced": [0.41, 0.43, 0.42, 0.48, 0.4, 0.48, 0.43, 0.5, 0.53, 0.47, 0.45, 0.47, 0.49, 0.4, 0.45, 0.54, 0.53, 0.41, 0.45, 0.47, 0.53, 0.48, 0.51, 0.39, 0.53, 0.48, 0.45, 0.51, 0.45, 0.45, 0.47, 0.46, 0.47, 0.45, 0.39, 0.51, 0.47, 0.52, 0.47, 0.48, 0.45, 0.4, 0.41, 0.41, 0.39, 0.42, 0.51, 0.56, 0.42, 0.47, 0.47, 0.49, 0.5, 0.41, 0.5, 0.47, 0.41, 0.42, 0.42, 0.4, 0.44, 0.41, 0.42, 0.42, 0.39, 0.43, 0.44, 0.42, 0.42, 0.43, 0.43, 0.42, 0.41, 0.44, 0.44, 0.42, 0.41, 0.47, 0.41, 0.42, 0.41, 0.44, 0.41, 0.4, 0.46, 0.45, 0.44, 0.46, 0.4, 0.4, 0.48, 0.4, 0.42, 0.45, 0.4, 0.47, 0.42, 0.45, 0.47, 0.45, 0.44, 0.45, 0.43, 0.46, 0.4, 0.4, 0.41, 0.45, 0.46, 0.42, 0.39, 0.45, 0.41, 0.41, 0.41, 0.4, 0.4, 0.46, 0.41, 0.4, 0.42, 0.5, 0.44, 0.41, 0.39, 0.43, 0.41, 0.41, 0.42, 0.4, 0.41, 0.39, 0.4, 0.44, 0.5, 0.39, 0.45, 0.4, 0.47, 0.4, 0.49, 0.44, 0.44, 0.41, 0.46, 0.45, 0.42, 0.46, 0.47, 0.42, 0.41, 0.43, 0.41, 0.4, 0.41, 0.41, 0.42, 0.42, 0.43, 0.42, 0.43, 0.43, 0.45, 0.4, 0.43, 0.42, 0.43, 0.4, 0.42, 0.45, 0.42, 0.46, 0.45, 0.46, 0.42, 0.47, 0.4, 0.4, 0.4, 0.4, 0.45, 0.4, 0.46, 0.39, 0.46, 0.5, 0.45, 0.46, 0.45, 0.45, 0.45, 0.43, 0.51, 0.51, 0.45, 0.52, 0.46, 0.46, 0.45, 0.4, 0.41], "acc_test": [0.22, 0.25, 0.31, 0.31, 0.27, 0.33, 0.3, 0.33, 0.34, 0.32, 0.34, 0.37, 0.39, 0.34, 0.34, 0.37, 0.39, 0.37, 0.34, 0.37, 0.36, 0.38, 0.38, 0.36, 0.39, 0.42, 0.39, 0.4, 0.39, 0.37, 0.4, 0.39, 0.4, 0.4, 0.39, 0.42, 0.43, 0.44, 0.45, 0.44, 0.41, 0.4, 0.43, 0.43, 0.42, 0.44, 0.4, 0.46, 0.45, 0.41, 0.43, 0.45, 0.45, 0.44, 0.46, 0.44, 0.47, 0.46, 0.43, 0.42, 0.46, 0.45, 0.45, 0.47, 0.45, 0.46, 0.48, 0.44, 0.45, 0.46, 0.45, 0.46, 0.45, 0.48, 0.48, 0.46, 0.45, 0.45, 0.45, 0.46, 0.47, 0.43, 0.46, 0.46, 0.46, 0.44, 0.48, 0.48, 0.47, 0.47, 0.46, 0.45, 0.47, 0.48, 0.45, 0.46, 0.46, 0.44, 0.48, 0.45, 0.45, 0.46, 0.46, 0.44, 0.46, 0.47, 0.47, 0.47, 0.45, 0.45, 0.44, 0.46, 0.47, 0.46, 0.47, 0.48, 0.47, 0.47, 0.47, 0.44, 0.47, 0.49, 0.49, 0.47, 0.47, 0.48, 0.47, 0.48, 0.47, 0.45, 0.47, 0.44, 0.45, 0.43, 0.46, 0.46, 0.46, 0.46, 0.49, 0.48, 0.45, 0.46, 0.48, 0.46, 0.47, 0.46, 0.47, 0.47, 0.5, 0.48, 0.46, 0.48, 0.46, 0.47, 0.47, 0.47, 0.49, 0.47, 0.49, 0.47, 0.49, 0.49, 0.45, 0.46, 0.46, 0.48, 0.47, 0.46, 0.48, 0.46, 0.49, 0.49, 0.49, 0.49, 0.48, 0.48, 0.48, 0.48, 0.46, 0.48, 0.48, 0.47, 0.49, 0.47, 0.48, 0.49, 0.47, 0.47, 0.48, 0.47, 0.47, 0.47, 0.49, 0.48, 0.48, 0.47, 0.47, 0.47, 0.46, 0.45, 0.48]}