{"acc_train": [0.18, 0.24, 0.25, 0.28, 0.25, 0.29, 0.33, 0.31, 0.33, 0.37, 0.36, 0.36, 0.4, 0.39, 0.41, 0.38, 0.44, 0.43, 0.45, 0.46, 0.43, 0.45, 0.48, 0.49, 0.48, 0.49, 0.49, 0.51, 0.49, 0.51, 0.52, 0.51, 0.53, 0.57, 0.55, 0.54, 0.57, 0.57, 0.57, 0.56, 0.59, 0.56, 0.61, 0.6, 0.61, 0.62, 0.62, 0.63, 0.63, 0.64, 0.64, 0.64, 0.65, 0.63, 0.63, 0.68, 0.66, 0.67, 0.7, 0.69, 0.68, 0.68, 0.67, 0.71, 0.71, 0.71, 0.72, 0.73, 0.71, 0.71, 0.72, 0.7, 0.71, 0.73, 0.76, 0.74, 0.75, 0.76, 0.73, 0.75, 0.75, 0.75, 0.76, 0.77, 0.79, 0.79, 0.76, 0.78, 0.78, 0.75, 0.75, 0.78, 0.79, 0.8, 0.79, 0.8, 0.81, 0.78, 0.8, 0.81, 0.82, 0.81, 0.81, 0.81, 0.84, 0.83, 0.83, 0.81, 0.84, 0.84, 0.85, 0.83, 0.84, 0.84, 0.86, 0.86, 0.86, 0.84, 0.81, 0.82, 0.86, 0.86, 0.85, 0.88, 0.88, 0.85, 0.86, 0.86, 0.84, 0.85, 0.85, 0.87, 0.87, 0.85, 0.87, 0.88, 0.87, 0.86, 0.88, 0.9, 0.91, 0.91, 0.89, 0.87, 0.88, 0.87, 0.89, 0.89, 0.9, 0.85, 0.89, 0.87, 0.9, 0.9, 0.9, 0.91, 0.91, 0.9, 0.91, 0.92, 0.91, 0.92, 0.9, 0.9, 0.93, 0.9, 0.88, 0.9, 0.91, 0.89, 0.89, 0.86, 0.89, 0.91, 0.91, 0.93, 0.92, 0.93, 0.92, 0.92, 0.91, 0.93, 0.92, 0.91, 0.92, 0.91, 0.91, 0.92, 0.91, 0.91, 0.92, 0.93, 0.93, 0.94, 0.94, 0.95, 0.95, 0.93, 0.94, 0.92, 0.89], "losses": [2.0, 1.899999976158142, 1.9800000190734863, 1.850000023841858, 1.909999966621399, 1.809999942779541, 1.7300000190734863, 1.7999999523162842, 1.7699999809265137, 1.690000057220459, 1.7100000381469727, 1.7300000190734863, 1.659999966621399, 1.649999976158142, 1.6399999856948853, 1.6799999475479126, 1.6100000143051147, 1.659999966621399, 1.6200000047683716, 1.6100000143051147, 1.649999976158142, 1.6399999856948853, 1.5399999618530273, 1.590000033378601, 1.590000033378601, 1.6200000047683716, 1.6100000143051147, 1.559999942779541, 1.6200000047683716, 1.649999976158142, 1.5700000524520874, 1.649999976158142, 1.590000033378601, 1.5399999618530273, 1.6399999856948853, 1.6200000047683716, 1.5800000429153442, 1.6100000143051147, 1.590000033378601, 1.6299999952316284, 1.6299999952316284, 1.6399999856948853, 1.5800000429153442, 1.600000023841858, 1.5700000524520874, 1.6100000143051147, 1.6100000143051147, 1.600000023841858, 1.659999966621399, 1.600000023841858, 1.659999966621399, 1.6200000047683716, 1.649999976158142, 1.690000057220459, 1.690000057220459, 1.5700000524520874, 1.6799999475479126, 1.690000057220459, 1.7300000190734863, 1.6699999570846558, 1.7899999618530273, 1.7300000190734863, 1.690000057220459, 1.7000000476837158, 1.7100000381469727, 1.7300000190734863, 1.7999999523162842, 1.7599999904632568, 1.809999942779541, 1.7899999618530273, 1.7999999523162842, 1.850000023841858, 1.8799999952316284, 1.8200000524520874, 1.7899999618530273, 1.909999966621399, 1.8200000524520874, 1.840000033378601, 1.840000033378601, 1.8300000429153442, 1.9299999475479126, 1.909999966621399, 1.940000057220459, 1.909999966621399, 1.909999966621399, 1.9299999475479126, 2.059999942779541, 2.0199999809265137, 1.9700000286102295, 1.9199999570846558, 1.9199999570846558, 1.899999976158142, 1.8700000047683716, 1.9700000286102295, 2.0199999809265137, 1.9900000095367432, 2.0, 1.9299999475479126, 1.9299999475479126, 1.9800000190734863, 1.9800000190734863, 1.909999966621399, 2.0199999809265137, 2.0199999809265137, 1.9700000286102295, 1.940000057220459, 1.9800000190734863, 2.119999885559082, 2.049999952316284, 2.0899999141693115, 2.119999885559082, 2.069999933242798, 2.0399999618530273, 2.119999885559082, 2.069999933242798, 2.119999885559082, 2.0999999046325684, 2.1600000858306885, 2.1600000858306885, 2.1500000953674316, 2.140000104904175, 2.1700000762939453, 2.1600000858306885, 2.119999885559082, 2.1500000953674316, 2.190000057220459, 2.1700000762939453, 2.180000066757202, 2.190000057220459, 2.2100000381469727, 2.2200000286102295, 2.240000009536743, 2.140000104904175, 2.359999895095825, 2.3299999237060547, 2.4100000858306885, 2.299999952316284, 2.2699999809265137, 2.2699999809265137, 2.3299999237060547, 2.2799999713897705, 2.299999952316284, 2.390000104904175, 2.359999895095825, 2.309999942779541, 2.4100000858306885, 2.4200000762939453, 2.380000114440918, 2.4200000762939453, 2.5999999046325684, 2.450000047683716, 2.4700000286102295, 2.4600000381469727, 2.380000114440918, 2.3299999237060547, 2.3399999141693115, 2.4000000953674316, 2.5, 2.5, 2.440000057220459, 2.4800000190734863, 2.4600000381469727, 2.4700000286102295, 2.5, 2.440000057220459, 2.569999933242798, 2.5399999618530273, 2.490000009536743, 2.4700000286102295, 2.5, 2.5299999713897705, 2.5999999046325684, 2.450000047683716, 2.3499999046325684, 2.4000000953674316, 2.440000057220459, 2.430000066757202, 2.490000009536743, 2.450000047683716, 2.490000009536743, 2.4600000381469727, 2.380000114440918, 2.630000114440918, 2.559999942779541, 2.509999990463257, 2.490000009536743, 2.440000057220459, 2.549999952316284, 2.6600000858306885, 2.5399999618530273, 2.5799999237060547, 2.5899999141693115, 2.5199999809265137, 2.5199999809265137, 2.559999942779541, 2.549999952316284, 2.619999885559082, 2.700000047683716, 2.630000114440918, 2.740000009536743, 2.7100000381469727], "acc_balanced": [0.32, 0.37, 0.41, 0.39, 0.39, 0.47, 0.46, 0.42, 0.43, 0.4, 0.46, 0.44, 0.44, 0.45, 0.5, 0.45, 0.45, 0.41, 0.47, 0.48, 0.4, 0.51, 0.48, 0.49, 0.47, 0.46, 0.48, 0.5, 0.46, 0.51, 0.49, 0.44, 0.51, 0.47, 0.48, 0.45, 0.52, 0.47, 0.48, 0.46, 0.48, 0.47, 0.5, 0.49, 0.51, 0.47, 0.48, 0.49, 0.48, 0.49, 0.43, 0.48, 0.52, 0.49, 0.53, 0.49, 0.5, 0.45, 0.48, 0.46, 0.46, 0.48, 0.49, 0.47, 0.47, 0.47, 0.45, 0.48, 0.46, 0.45, 0.47, 0.48, 0.47, 0.48, 0.46, 0.46, 0.47, 0.47, 0.44, 0.45, 0.41, 0.43, 0.44, 0.47, 0.46, 0.43, 0.44, 0.48, 0.47, 0.48, 0.47, 0.45, 0.46, 0.46, 0.44, 0.48, 0.49, 0.48, 0.48, 0.47, 0.46, 0.46, 0.46, 0.47, 0.49, 0.49, 0.47, 0.44, 0.46, 0.48, 0.48, 0.48, 0.48, 0.5, 0.48, 0.47, 0.47, 0.46, 0.47, 0.45, 0.46, 0.44, 0.43, 0.44, 0.44, 0.47, 0.48, 0.46, 0.47, 0.47, 0.48, 0.46, 0.49, 0.46, 0.46, 0.44, 0.45, 0.46, 0.43, 0.45, 0.45, 0.45, 0.46, 0.45, 0.43, 0.45, 0.44, 0.49, 0.45, 0.42, 0.42, 0.45, 0.45, 0.47, 0.48, 0.47, 0.46, 0.44, 0.47, 0.47, 0.43, 0.45, 0.46, 0.46, 0.45, 0.46, 0.46, 0.46, 0.46, 0.47, 0.44, 0.47, 0.48, 0.47, 0.47, 0.49, 0.47, 0.49, 0.48, 0.5, 0.51, 0.48, 0.44, 0.45, 0.47, 0.46, 0.47, 0.46, 0.44, 0.46, 0.44, 0.43, 0.44, 0.45, 0.45, 0.46, 0.46, 0.47, 0.44, 0.43, 0.44], "acc_test": [0.19, 0.23, 0.24, 0.28, 0.25, 0.29, 0.31, 0.26, 0.3, 0.32, 0.33, 0.31, 0.34, 0.32, 0.35, 0.36, 0.39, 0.36, 0.36, 0.41, 0.34, 0.38, 0.41, 0.43, 0.39, 0.42, 0.4, 0.4, 0.41, 0.41, 0.42, 0.4, 0.43, 0.44, 0.42, 0.42, 0.44, 0.42, 0.43, 0.4, 0.43, 0.41, 0.44, 0.43, 0.45, 0.44, 0.44, 0.46, 0.44, 0.45, 0.41, 0.45, 0.43, 0.43, 0.43, 0.47, 0.42, 0.43, 0.44, 0.47, 0.44, 0.43, 0.45, 0.48, 0.44, 0.45, 0.45, 0.47, 0.44, 0.46, 0.44, 0.43, 0.43, 0.45, 0.45, 0.43, 0.45, 0.46, 0.43, 0.46, 0.42, 0.43, 0.46, 0.46, 0.47, 0.46, 0.44, 0.43, 0.44, 0.44, 0.46, 0.46, 0.46, 0.46, 0.46, 0.46, 0.47, 0.45, 0.46, 0.47, 0.47, 0.48, 0.46, 0.46, 0.48, 0.49, 0.46, 0.45, 0.46, 0.48, 0.46, 0.47, 0.48, 0.48, 0.47, 0.48, 0.47, 0.47, 0.45, 0.45, 0.47, 0.46, 0.45, 0.47, 0.48, 0.48, 0.46, 0.46, 0.46, 0.48, 0.46, 0.47, 0.48, 0.46, 0.47, 0.45, 0.48, 0.46, 0.47, 0.48, 0.46, 0.46, 0.45, 0.48, 0.46, 0.46, 0.47, 0.48, 0.46, 0.43, 0.45, 0.46, 0.47, 0.48, 0.48, 0.49, 0.48, 0.47, 0.48, 0.48, 0.45, 0.48, 0.48, 0.47, 0.47, 0.48, 0.47, 0.47, 0.48, 0.48, 0.46, 0.46, 0.46, 0.48, 0.49, 0.49, 0.5, 0.49, 0.47, 0.49, 0.47, 0.48, 0.47, 0.45, 0.5, 0.47, 0.48, 0.49, 0.44, 0.47, 0.46, 0.47, 0.47, 0.5, 0.47, 0.49, 0.48, 0.48, 0.49, 0.45, 0.45]}