{"acc_train": [0.16, 0.2, 0.21, 0.25, 0.26, 0.28, 0.31, 0.32, 0.31, 0.33, 0.35, 0.34, 0.36, 0.37, 0.39, 0.38, 0.37, 0.38, 0.41, 0.39, 0.42, 0.42, 0.43, 0.44, 0.45, 0.43, 0.45, 0.43, 0.46, 0.48, 0.43, 0.45, 0.47, 0.47, 0.48, 0.5, 0.49, 0.48, 0.49, 0.48, 0.51, 0.5, 0.53, 0.5, 0.53, 0.53, 0.54, 0.52, 0.5, 0.53, 0.56, 0.51, 0.54, 0.55, 0.56, 0.54, 0.58, 0.56, 0.58, 0.58, 0.57, 0.58, 0.57, 0.56, 0.55, 0.6, 0.6, 0.6, 0.55, 0.56, 0.6, 0.6, 0.6, 0.6, 0.61, 0.63, 0.6, 0.62, 0.6, 0.59, 0.62, 0.64, 0.64, 0.59, 0.63, 0.64, 0.65, 0.66, 0.62, 0.63, 0.64, 0.66, 0.66, 0.65, 0.66, 0.68, 0.68, 0.64, 0.65, 0.66, 0.66, 0.66, 0.69, 0.63, 0.65, 0.69, 0.7, 0.68, 0.72, 0.7, 0.63, 0.66, 0.68, 0.68, 0.72, 0.71, 0.73, 0.73, 0.71, 0.72, 0.74, 0.71, 0.73, 0.74, 0.74, 0.71, 0.73, 0.75, 0.73, 0.74, 0.71, 0.75, 0.75, 0.75, 0.71, 0.76, 0.74, 0.71, 0.73, 0.73, 0.75, 0.75, 0.74, 0.76, 0.76, 0.73, 0.75, 0.76, 0.74, 0.76, 0.79, 0.8, 0.79, 0.78, 0.78, 0.78, 0.78, 0.79, 0.77, 0.77, 0.79, 0.78, 0.81, 0.79, 0.79, 0.78, 0.79, 0.79, 0.78, 0.71, 0.78, 0.81, 0.81, 0.81, 0.78, 0.78, 0.79, 0.83, 0.83, 0.83, 0.82, 0.8, 0.81, 0.81, 0.82, 0.83, 0.83, 0.81, 0.81, 0.83, 0.83, 0.82, 0.82, 0.8, 0.82, 0.84, 0.84, 0.84, 0.84, 0.83, 0.83], "losses": [2.130000114440918, 2.0399999618530273, 2.049999952316284, 1.9600000381469727, 1.9700000286102295, 1.8600000143051147, 1.8200000524520874, 1.909999966621399, 1.909999966621399, 1.8700000047683716, 1.809999942779541, 1.850000023841858, 1.7999999523162842, 1.840000033378601, 1.7699999809265137, 1.8700000047683716, 1.7799999713897705, 1.8200000524520874, 1.75, 1.8300000429153442, 1.7699999809265137, 1.7799999713897705, 1.7599999904632568, 1.7100000381469727, 1.7599999904632568, 1.8200000524520874, 1.7999999523162842, 1.809999942779541, 1.75, 1.809999942779541, 1.809999942779541, 1.809999942779541, 1.75, 1.7799999713897705, 1.7799999713897705, 1.7599999904632568, 1.840000033378601, 1.809999942779541, 1.7599999904632568, 1.850000023841858, 1.7599999904632568, 1.7400000095367432, 1.7699999809265137, 1.840000033378601, 1.809999942779541, 1.840000033378601, 1.8300000429153442, 1.7699999809265137, 1.8700000047683716, 1.8799999952316284, 1.840000033378601, 1.8300000429153442, 1.7999999523162842, 1.8300000429153442, 1.7699999809265137, 1.8600000143051147, 1.7999999523162842, 1.809999942779541, 1.8300000429153442, 1.8200000524520874, 1.8300000429153442, 1.9199999570846558, 1.909999966621399, 1.8799999952316284, 1.909999966621399, 1.8600000143051147, 1.8899999856948853, 1.850000023841858, 1.8600000143051147, 1.9299999475479126, 1.850000023841858, 1.8700000047683716, 1.9299999475479126, 1.940000057220459, 1.940000057220459, 1.9299999475479126, 1.9500000476837158, 1.940000057220459, 1.9600000381469727, 1.9800000190734863, 1.940000057220459, 1.909999966621399, 1.9299999475479126, 2.0299999713897705, 1.940000057220459, 1.9700000286102295, 2.0199999809265137, 1.9700000286102295, 2.009999990463257, 1.9199999570846558, 2.0, 1.9900000095367432, 1.9900000095367432, 2.0, 2.0399999618530273, 2.0199999809265137, 1.9800000190734863, 2.119999885559082, 2.059999942779541, 1.9700000286102295, 2.009999990463257, 2.059999942779541, 2.049999952316284, 2.0899999141693115, 2.049999952316284, 1.9900000095367432, 2.049999952316284, 2.0999999046325684, 2.0199999809265137, 2.0799999237060547, 2.0299999713897705, 2.0299999713897705, 1.9800000190734863, 2.119999885559082, 2.0199999809265137, 2.069999933242798, 2.059999942779541, 2.0999999046325684, 2.069999933242798, 2.0799999237060547, 2.069999933242798, 2.0799999237060547, 2.130000114440918, 2.109999895095825, 2.0999999046325684, 2.240000009536743, 2.1600000858306885, 2.130000114440918, 2.180000066757202, 2.130000114440918, 2.259999990463257, 2.1600000858306885, 2.140000104904175, 2.190000057220459, 2.2100000381469727, 2.130000114440918, 2.1500000953674316, 2.240000009536743, 2.180000066757202, 2.1600000858306885, 2.1700000762939453, 2.190000057220459, 2.2799999713897705, 2.200000047683716, 2.2200000286102295, 2.2699999809265137, 2.240000009536743, 2.25, 2.2200000286102295, 2.140000104904175, 2.190000057220459, 2.240000009536743, 2.2100000381469727, 2.319999933242798, 2.3299999237060547, 2.3499999046325684, 2.319999933242798, 2.299999952316284, 2.3399999141693115, 2.299999952316284, 2.319999933242798, 2.299999952316284, 2.2799999713897705, 2.319999933242798, 2.3399999141693115, 2.4100000858306885, 2.359999895095825, 2.390000104904175, 2.2899999618530273, 2.359999895095825, 2.3299999237060547, 2.2699999809265137, 2.390000104904175, 2.4000000953674316, 2.4000000953674316, 2.4000000953674316, 2.430000066757202, 2.319999933242798, 2.3399999141693115, 2.4100000858306885, 2.4200000762939453, 2.450000047683716, 2.450000047683716, 2.4600000381469727, 2.4100000858306885, 2.390000104904175, 2.4800000190734863, 2.4600000381469727, 2.5, 2.440000057220459, 2.4000000953674316, 2.5199999809265137, 2.549999952316284, 2.440000057220459, 2.5299999713897705, 2.5199999809265137, 2.450000047683716, 2.569999933242798, 2.4600000381469727, 2.440000057220459, 2.4200000762939453], "acc_balanced": [0.3, 0.33, 0.35, 0.35, 0.36, 0.34, 0.38, 0.34, 0.38, 0.4, 0.42, 0.42, 0.41, 0.45, 0.42, 0.44, 0.42, 0.48, 0.44, 0.45, 0.44, 0.45, 0.42, 0.4, 0.42, 0.43, 0.39, 0.4, 0.45, 0.42, 0.46, 0.37, 0.41, 0.4, 0.43, 0.41, 0.41, 0.44, 0.43, 0.43, 0.41, 0.39, 0.4, 0.4, 0.4, 0.42, 0.37, 0.43, 0.41, 0.4, 0.41, 0.39, 0.42, 0.45, 0.4, 0.43, 0.44, 0.48, 0.44, 0.44, 0.44, 0.39, 0.41, 0.43, 0.43, 0.43, 0.43, 0.4, 0.43, 0.43, 0.41, 0.42, 0.42, 0.45, 0.44, 0.39, 0.44, 0.41, 0.39, 0.41, 0.44, 0.42, 0.41, 0.43, 0.43, 0.39, 0.4, 0.43, 0.42, 0.42, 0.39, 0.41, 0.45, 0.41, 0.41, 0.38, 0.41, 0.42, 0.41, 0.4, 0.43, 0.39, 0.39, 0.42, 0.43, 0.41, 0.42, 0.43, 0.4, 0.42, 0.4, 0.4, 0.4, 0.39, 0.42, 0.38, 0.4, 0.4, 0.42, 0.39, 0.4, 0.4, 0.42, 0.4, 0.41, 0.37, 0.4, 0.39, 0.37, 0.41, 0.39, 0.39, 0.42, 0.39, 0.41, 0.41, 0.41, 0.43, 0.43, 0.41, 0.4, 0.44, 0.41, 0.42, 0.41, 0.38, 0.42, 0.4, 0.46, 0.42, 0.42, 0.42, 0.43, 0.42, 0.39, 0.4, 0.39, 0.42, 0.42, 0.41, 0.42, 0.41, 0.39, 0.4, 0.43, 0.41, 0.41, 0.37, 0.38, 0.45, 0.41, 0.4, 0.37, 0.42, 0.42, 0.41, 0.37, 0.4, 0.38, 0.42, 0.39, 0.41, 0.42, 0.4, 0.43, 0.43, 0.37, 0.41, 0.41, 0.43, 0.42, 0.37, 0.42, 0.42, 0.4, 0.4, 0.39, 0.37, 0.39, 0.39, 0.42], "acc_test": [0.14, 0.17, 0.17, 0.21, 0.2, 0.23, 0.26, 0.24, 0.25, 0.27, 0.27, 0.27, 0.28, 0.3, 0.31, 0.29, 0.31, 0.33, 0.33, 0.3, 0.33, 0.32, 0.33, 0.34, 0.32, 0.32, 0.31, 0.32, 0.34, 0.36, 0.33, 0.36, 0.34, 0.33, 0.35, 0.37, 0.35, 0.36, 0.33, 0.34, 0.35, 0.35, 0.38, 0.35, 0.37, 0.34, 0.35, 0.36, 0.32, 0.35, 0.38, 0.34, 0.36, 0.36, 0.38, 0.36, 0.38, 0.39, 0.38, 0.38, 0.37, 0.38, 0.38, 0.36, 0.37, 0.39, 0.37, 0.4, 0.36, 0.37, 0.38, 0.39, 0.38, 0.38, 0.39, 0.39, 0.37, 0.39, 0.38, 0.36, 0.38, 0.4, 0.4, 0.39, 0.39, 0.39, 0.39, 0.42, 0.4, 0.4, 0.41, 0.4, 0.4, 0.4, 0.37, 0.38, 0.41, 0.37, 0.39, 0.4, 0.38, 0.37, 0.39, 0.36, 0.39, 0.42, 0.41, 0.4, 0.4, 0.4, 0.38, 0.4, 0.4, 0.39, 0.41, 0.39, 0.4, 0.4, 0.42, 0.42, 0.41, 0.4, 0.41, 0.41, 0.42, 0.39, 0.42, 0.43, 0.39, 0.4, 0.38, 0.4, 0.43, 0.42, 0.4, 0.44, 0.42, 0.39, 0.4, 0.42, 0.42, 0.42, 0.4, 0.43, 0.41, 0.37, 0.41, 0.41, 0.43, 0.41, 0.42, 0.41, 0.43, 0.42, 0.42, 0.4, 0.41, 0.41, 0.42, 0.4, 0.41, 0.41, 0.43, 0.41, 0.41, 0.4, 0.42, 0.4, 0.42, 0.4, 0.39, 0.42, 0.4, 0.41, 0.4, 0.41, 0.39, 0.43, 0.43, 0.43, 0.42, 0.41, 0.43, 0.39, 0.42, 0.44, 0.4, 0.41, 0.4, 0.44, 0.43, 0.38, 0.43, 0.4, 0.41, 0.4, 0.42, 0.42, 0.44, 0.43, 0.45]}