{"acc_train": [0.14, 0.16, 0.19, 0.19, 0.2, 0.22, 0.22, 0.22, 0.23, 0.24, 0.24, 0.25, 0.25, 0.24, 0.25, 0.24, 0.25, 0.25, 0.27, 0.25, 0.26, 0.25, 0.27, 0.26, 0.27, 0.27, 0.28, 0.27, 0.28, 0.27, 0.28, 0.28, 0.29, 0.27, 0.29, 0.3, 0.29, 0.3, 0.3, 0.29, 0.3, 0.3, 0.3, 0.3, 0.31, 0.31, 0.3, 0.31, 0.28, 0.31, 0.32, 0.31, 0.32, 0.32, 0.32, 0.32, 0.32, 0.29, 0.32, 0.33, 0.32, 0.33, 0.33, 0.33, 0.33, 0.33, 0.33, 0.33, 0.3, 0.33, 0.34, 0.33, 0.33, 0.34, 0.32, 0.33, 0.34, 0.33, 0.33, 0.34, 0.35, 0.34, 0.34, 0.35, 0.35, 0.35, 0.35, 0.35, 0.35, 0.33, 0.34, 0.34, 0.33, 0.35, 0.36, 0.35, 0.36, 0.36, 0.35, 0.36, 0.33, 0.36, 0.36, 0.36, 0.37, 0.34, 0.36, 0.36, 0.37, 0.37, 0.37, 0.36, 0.37, 0.37, 0.34, 0.36, 0.37, 0.37, 0.38, 0.35, 0.36, 0.37, 0.36, 0.37, 0.38, 0.38, 0.37, 0.38, 0.38, 0.37, 0.37, 0.37, 0.37, 0.38, 0.37, 0.38, 0.38, 0.37, 0.38, 0.38, 0.38, 0.38, 0.38, 0.39, 0.35, 0.38, 0.39, 0.38, 0.39, 0.39, 0.39, 0.4, 0.39, 0.39, 0.38, 0.39, 0.4, 0.38, 0.37, 0.39, 0.4, 0.38, 0.4, 0.4, 0.39, 0.39, 0.39, 0.39, 0.38, 0.39, 0.39, 0.39, 0.4, 0.36, 0.38, 0.39, 0.39, 0.39, 0.37, 0.37, 0.38, 0.39, 0.39, 0.39, 0.4, 0.4, 0.38, 0.38, 0.4, 0.41, 0.4, 0.4, 0.41, 0.4, 0.41, 0.42, 0.41, 0.41, 0.41, 0.43, 0.41], "losses": [2.25, 2.1600000858306885, 2.109999895095825, 2.119999885559082, 2.069999933242798, 2.049999952316284, 2.0199999809265137, 2.0199999809265137, 2.0, 1.9600000381469727, 1.9500000476837158, 1.9700000286102295, 1.9600000381469727, 1.9800000190734863, 1.9299999475479126, 1.9800000190734863, 1.9500000476837158, 1.940000057220459, 1.909999966621399, 1.9299999475479126, 1.9199999570846558, 1.9199999570846558, 1.909999966621399, 1.899999976158142, 1.8799999952316284, 1.8799999952316284, 1.8600000143051147, 1.8700000047683716, 1.8799999952316284, 1.899999976158142, 1.850000023841858, 1.840000033378601, 1.8600000143051147, 1.8899999856948853, 1.840000033378601, 1.8300000429153442, 1.840000033378601, 1.840000033378601, 1.8700000047683716, 1.909999966621399, 1.850000023841858, 1.850000023841858, 1.8600000143051147, 1.8799999952316284, 1.840000033378601, 1.8600000143051147, 1.909999966621399, 1.850000023841858, 1.9199999570846558, 1.8600000143051147, 1.8600000143051147, 1.8700000047683716, 1.8300000429153442, 1.8600000143051147, 1.840000033378601, 1.850000023841858, 1.850000023841858, 1.9500000476837158, 1.8600000143051147, 1.850000023841858, 1.8200000524520874, 1.8600000143051147, 1.8300000429153442, 1.8700000047683716, 1.8300000429153442, 1.850000023841858, 1.8799999952316284, 1.8600000143051147, 1.899999976158142, 1.850000023841858, 1.850000023841858, 1.8799999952316284, 1.8600000143051147, 1.8300000429153442, 1.8899999856948853, 1.8799999952316284, 1.8200000524520874, 1.850000023841858, 1.8799999952316284, 1.8600000143051147, 1.8200000524520874, 1.8799999952316284, 1.8600000143051147, 1.850000023841858, 1.850000023841858, 1.840000033378601, 1.8700000047683716, 1.840000033378601, 1.850000023841858, 1.8899999856948853, 1.8300000429153442, 1.8700000047683716, 1.840000033378601, 1.840000033378601, 1.8300000429153442, 1.850000023841858, 1.850000023841858, 1.8300000429153442, 1.8700000047683716, 1.8600000143051147, 1.809999942779541, 1.8200000524520874, 1.840000033378601, 1.899999976158142, 1.850000023841858, 1.850000023841858, 1.8700000047683716, 1.8600000143051147, 1.8300000429153442, 1.8700000047683716, 1.8300000429153442, 1.899999976158142, 1.8600000143051147, 1.8700000047683716, 1.899999976158142, 1.840000033378601, 1.8600000143051147, 1.840000033378601, 1.8200000524520874, 1.850000023841858, 1.8899999856948853, 1.8300000429153442, 1.8799999952316284, 1.840000033378601, 1.8300000429153442, 1.8600000143051147, 1.8600000143051147, 1.8899999856948853, 1.8700000047683716, 1.8799999952316284, 1.8700000047683716, 1.8799999952316284, 1.8799999952316284, 1.8799999952316284, 1.8700000047683716, 1.8700000047683716, 1.8600000143051147, 1.9299999475479126, 1.8700000047683716, 1.8700000047683716, 1.8799999952316284, 1.8799999952316284, 1.840000033378601, 1.8300000429153442, 1.9700000286102295, 1.909999966621399, 1.8600000143051147, 1.840000033378601, 1.850000023841858, 1.8799999952316284, 1.850000023841858, 1.8600000143051147, 1.8799999952316284, 1.8799999952316284, 1.909999966621399, 1.8899999856948853, 1.8899999856948853, 1.8700000047683716, 1.8700000047683716, 1.8600000143051147, 1.850000023841858, 1.850000023841858, 1.850000023841858, 1.850000023841858, 1.8799999952316284, 1.8899999856948853, 1.8899999856948853, 1.909999966621399, 1.8899999856948853, 1.8700000047683716, 1.8799999952316284, 1.8700000047683716, 1.8700000047683716, 1.940000057220459, 1.8799999952316284, 1.8600000143051147, 1.8700000047683716, 1.8799999952316284, 1.8799999952316284, 1.8799999952316284, 1.8700000047683716, 1.8600000143051147, 1.8899999856948853, 1.8799999952316284, 1.8300000429153442, 1.8600000143051147, 1.909999966621399, 1.9299999475479126, 1.8799999952316284, 1.8700000047683716, 1.8899999856948853, 1.8799999952316284, 1.8799999952316284, 1.8799999952316284, 1.8600000143051147, 1.8700000047683716, 1.8700000047683716, 1.850000023841858, 1.8600000143051147, 1.850000023841858, 1.8899999856948853], "acc_balanced": [0.21, 0.25, 0.27, 0.34, 0.37, 0.36, 0.38, 0.4, 0.39, 0.41, 0.4, 0.4, 0.4, 0.4, 0.41, 0.39, 0.42, 0.42, 0.42, 0.43, 0.43, 0.39, 0.43, 0.42, 0.42, 0.43, 0.42, 0.43, 0.43, 0.44, 0.42, 0.44, 0.45, 0.42, 0.43, 0.43, 0.42, 0.42, 0.43, 0.42, 0.43, 0.43, 0.43, 0.42, 0.44, 0.44, 0.43, 0.44, 0.43, 0.44, 0.44, 0.44, 0.44, 0.44, 0.45, 0.44, 0.45, 0.42, 0.45, 0.44, 0.45, 0.44, 0.46, 0.44, 0.45, 0.45, 0.43, 0.45, 0.44, 0.43, 0.44, 0.44, 0.45, 0.45, 0.44, 0.42, 0.44, 0.44, 0.43, 0.43, 0.44, 0.43, 0.43, 0.43, 0.44, 0.44, 0.43, 0.45, 0.42, 0.44, 0.45, 0.44, 0.45, 0.46, 0.44, 0.46, 0.46, 0.44, 0.45, 0.45, 0.44, 0.45, 0.45, 0.45, 0.45, 0.45, 0.45, 0.45, 0.45, 0.44, 0.44, 0.43, 0.45, 0.43, 0.44, 0.44, 0.44, 0.45, 0.46, 0.43, 0.43, 0.43, 0.44, 0.45, 0.45, 0.46, 0.46, 0.44, 0.46, 0.45, 0.45, 0.44, 0.45, 0.43, 0.45, 0.43, 0.45, 0.42, 0.45, 0.45, 0.45, 0.43, 0.45, 0.45, 0.44, 0.45, 0.46, 0.44, 0.47, 0.47, 0.45, 0.46, 0.45, 0.44, 0.44, 0.45, 0.45, 0.47, 0.46, 0.46, 0.46, 0.43, 0.44, 0.46, 0.45, 0.44, 0.45, 0.45, 0.44, 0.46, 0.46, 0.46, 0.44, 0.45, 0.46, 0.46, 0.46, 0.45, 0.44, 0.44, 0.43, 0.45, 0.47, 0.46, 0.43, 0.46, 0.47, 0.45, 0.42, 0.46, 0.45, 0.42, 0.43, 0.46, 0.47, 0.45, 0.47, 0.46, 0.45, 0.46, 0.45], "acc_test": [0.14, 0.17, 0.19, 0.18, 0.2, 0.2, 0.21, 0.21, 0.21, 0.23, 0.23, 0.22, 0.22, 0.23, 0.23, 0.21, 0.23, 0.24, 0.24, 0.23, 0.24, 0.24, 0.25, 0.24, 0.25, 0.25, 0.26, 0.24, 0.25, 0.26, 0.25, 0.25, 0.28, 0.24, 0.25, 0.27, 0.26, 0.26, 0.26, 0.24, 0.26, 0.26, 0.25, 0.25, 0.28, 0.27, 0.26, 0.27, 0.25, 0.27, 0.28, 0.27, 0.27, 0.27, 0.28, 0.28, 0.28, 0.28, 0.28, 0.27, 0.29, 0.28, 0.29, 0.27, 0.28, 0.28, 0.27, 0.29, 0.27, 0.27, 0.29, 0.27, 0.28, 0.28, 0.26, 0.27, 0.29, 0.27, 0.26, 0.26, 0.28, 0.26, 0.27, 0.27, 0.27, 0.28, 0.26, 0.29, 0.28, 0.27, 0.28, 0.26, 0.28, 0.28, 0.28, 0.29, 0.29, 0.3, 0.28, 0.28, 0.29, 0.29, 0.3, 0.29, 0.3, 0.28, 0.29, 0.28, 0.3, 0.29, 0.28, 0.28, 0.29, 0.28, 0.28, 0.29, 0.29, 0.29, 0.3, 0.28, 0.28, 0.29, 0.28, 0.3, 0.31, 0.29, 0.3, 0.28, 0.31, 0.29, 0.29, 0.29, 0.28, 0.29, 0.3, 0.3, 0.3, 0.28, 0.3, 0.29, 0.29, 0.28, 0.29, 0.29, 0.27, 0.29, 0.31, 0.29, 0.32, 0.3, 0.3, 0.31, 0.3, 0.29, 0.29, 0.29, 0.3, 0.31, 0.31, 0.31, 0.3, 0.31, 0.29, 0.31, 0.3, 0.29, 0.3, 0.31, 0.29, 0.3, 0.3, 0.31, 0.3, 0.29, 0.31, 0.31, 0.31, 0.31, 0.3, 0.3, 0.31, 0.3, 0.32, 0.3, 0.32, 0.31, 0.31, 0.29, 0.31, 0.31, 0.31, 0.31, 0.3, 0.3, 0.32, 0.3, 0.32, 0.32, 0.3, 0.32, 0.31]}