{"acc_train": [0.21, 0.23, 0.29, 0.27, 0.33, 0.34, 0.37, 0.33, 0.41, 0.4, 0.4, 0.39, 0.44, 0.44, 0.44, 0.46, 0.47, 0.47, 0.51, 0.52, 0.52, 0.51, 0.54, 0.53, 0.55, 0.56, 0.54, 0.57, 0.58, 0.6, 0.6, 0.61, 0.61, 0.61, 0.64, 0.65, 0.63, 0.66, 0.68, 0.67, 0.66, 0.67, 0.69, 0.71, 0.71, 0.73, 0.74, 0.74, 0.71, 0.73, 0.7, 0.7, 0.77, 0.79, 0.76, 0.76, 0.77, 0.78, 0.77, 0.78, 0.81, 0.81, 0.78, 0.81, 0.79, 0.81, 0.83, 0.82, 0.82, 0.81, 0.82, 0.83, 0.84, 0.81, 0.84, 0.84, 0.84, 0.85, 0.86, 0.83, 0.85, 0.86, 0.88, 0.88, 0.88, 0.87, 0.89, 0.87, 0.87, 0.87, 0.85, 0.85, 0.88, 0.89, 0.9, 0.91, 0.91, 0.9, 0.91, 0.88, 0.89, 0.89, 0.88, 0.89, 0.91, 0.88, 0.91, 0.91, 0.92, 0.88, 0.9, 0.92, 0.91, 0.93, 0.93, 0.92, 0.9, 0.9, 0.91, 0.93, 0.92, 0.93, 0.9, 0.92, 0.92, 0.92, 0.9, 0.92, 0.93, 0.92, 0.93, 0.92, 0.93, 0.92, 0.9, 0.91, 0.93, 0.93, 0.92, 0.91, 0.93, 0.95, 0.95, 0.95, 0.95, 0.96, 0.94, 0.94, 0.96, 0.94, 0.95, 0.95, 0.93, 0.92, 0.93, 0.93, 0.94, 0.94, 0.94, 0.94, 0.94, 0.96, 0.96, 0.93, 0.92, 0.93, 0.94, 0.96, 0.96, 0.97, 0.96, 0.95, 0.94, 0.95, 0.94, 0.96, 0.96, 0.93, 0.93, 0.92, 0.91, 0.92, 0.95, 0.97, 0.97, 0.97, 0.96, 0.96, 0.96, 0.97, 0.97, 0.93, 0.94, 0.95, 0.94, 0.94, 0.94, 0.96, 0.97, 0.97, 0.96], "losses": [2.009999990463257, 1.9299999475479126, 1.8600000143051147, 1.940000057220459, 1.7400000095367432, 1.7000000476837158, 1.6699999570846558, 1.809999942779541, 1.600000023841858, 1.7400000095367432, 1.6399999856948853, 1.7300000190734863, 1.6200000047683716, 1.659999966621399, 1.6399999856948853, 1.649999976158142, 1.6200000047683716, 1.6799999475479126, 1.649999976158142, 1.649999976158142, 1.6799999475479126, 1.6699999570846558, 1.690000057220459, 1.659999966621399, 1.75, 1.659999966621399, 1.75, 1.7000000476837158, 1.659999966621399, 1.659999966621399, 1.690000057220459, 1.649999976158142, 1.7200000286102295, 1.8200000524520874, 1.659999966621399, 1.7200000286102295, 1.7300000190734863, 1.7200000286102295, 1.7300000190734863, 1.690000057220459, 1.75, 1.850000023841858, 1.8300000429153442, 1.840000033378601, 1.8899999856948853, 1.8799999952316284, 1.7799999713897705, 1.7999999523162842, 1.899999976158142, 1.840000033378601, 1.9700000286102295, 1.8899999856948853, 1.8700000047683716, 1.8799999952316284, 1.909999966621399, 1.940000057220459, 1.9199999570846558, 1.9800000190734863, 1.9700000286102295, 1.9900000095367432, 2.009999990463257, 2.009999990463257, 2.119999885559082, 2.109999895095825, 2.1500000953674316, 2.109999895095825, 2.069999933242798, 2.0899999141693115, 2.140000104904175, 2.1700000762939453, 2.130000114440918, 2.109999895095825, 2.2799999713897705, 2.190000057220459, 2.1700000762939453, 2.200000047683716, 2.200000047683716, 2.2300000190734863, 2.2300000190734863, 2.2300000190734863, 2.2899999618530273, 2.180000066757202, 2.2200000286102295, 2.309999942779541, 2.140000104904175, 2.3499999046325684, 2.2799999713897705, 2.3299999237060547, 2.1600000858306885, 2.25, 2.240000009536743, 2.259999990463257, 2.140000104904175, 2.240000009536743, 2.380000114440918, 2.440000057220459, 2.5299999713897705, 2.4800000190734863, 2.390000104904175, 2.450000047683716, 2.430000066757202, 2.4800000190734863, 2.5399999618530273, 2.5299999713897705, 2.490000009536743, 2.380000114440918, 2.440000057220459, 2.4000000953674316, 2.4700000286102295, 2.4600000381469727, 2.4600000381469727, 2.450000047683716, 2.5299999713897705, 2.5199999809265137, 2.549999952316284, 2.6600000858306885, 2.630000114440918, 2.5, 2.4200000762939453, 2.4700000286102295, 2.5199999809265137, 2.5799999237060547, 2.619999885559082, 2.509999990463257, 2.5299999713897705, 2.5299999713897705, 2.4800000190734863, 2.5899999141693115, 2.690000057220459, 2.7699999809265137, 2.640000104904175, 2.640000104904175, 2.690000057220459, 2.6600000858306885, 2.509999990463257, 2.630000114440918, 2.5399999618530273, 2.5799999237060547, 2.549999952316284, 2.609999895095825, 2.6500000953674316, 2.5999999046325684, 2.740000009536743, 2.690000057220459, 2.7699999809265137, 2.680000066757202, 2.6500000953674316, 2.6700000762939453, 2.759999990463257, 2.740000009536743, 2.759999990463257, 2.9000000953674316, 2.7300000190734863, 2.7100000381469727, 2.5999999046325684, 2.7699999809265137, 2.690000057220459, 2.7899999618530273, 2.740000009536743, 2.7100000381469727, 2.8499999046325684, 2.9100000858306885, 2.940000057220459, 2.859999895095825, 2.880000114440918, 2.7799999713897705, 2.7899999618530273, 2.7100000381469727, 2.7100000381469727, 2.7300000190734863, 2.740000009536743, 2.7899999618530273, 2.9200000762939453, 2.799999952316284, 2.7699999809265137, 2.8299999237060547, 2.7799999713897705, 2.799999952316284, 2.8499999046325684, 2.869999885559082, 2.859999895095825, 2.690000057220459, 2.7300000190734863, 2.690000057220459, 2.7300000190734863, 2.740000009536743, 2.859999895095825, 2.7799999713897705, 2.9800000190734863, 3.0, 3.009999990463257, 2.990000009536743, 2.7899999618530273, 2.7100000381469727, 2.7899999618530273, 2.7300000190734863, 2.7699999809265137, 2.700000047683716, 2.740000009536743, 2.809999942779541, 2.9100000858306885], "acc_balanced": [0.4, 0.34, 0.44, 0.41, 0.34, 0.36, 0.39, 0.47, 0.45, 0.46, 0.48, 0.44, 0.45, 0.45, 0.49, 0.45, 0.44, 0.48, 0.41, 0.45, 0.37, 0.5, 0.38, 0.4, 0.43, 0.41, 0.39, 0.39, 0.41, 0.47, 0.41, 0.46, 0.45, 0.47, 0.41, 0.42, 0.46, 0.43, 0.43, 0.44, 0.39, 0.42, 0.39, 0.41, 0.42, 0.42, 0.44, 0.43, 0.39, 0.41, 0.42, 0.47, 0.39, 0.39, 0.42, 0.42, 0.43, 0.4, 0.42, 0.42, 0.39, 0.39, 0.38, 0.41, 0.36, 0.35, 0.35, 0.38, 0.35, 0.38, 0.38, 0.4, 0.37, 0.38, 0.39, 0.39, 0.39, 0.37, 0.36, 0.38, 0.39, 0.39, 0.38, 0.38, 0.4, 0.38, 0.39, 0.41, 0.42, 0.4, 0.41, 0.39, 0.44, 0.41, 0.36, 0.35, 0.37, 0.36, 0.39, 0.4, 0.37, 0.38, 0.37, 0.37, 0.35, 0.38, 0.35, 0.41, 0.38, 0.4, 0.38, 0.36, 0.38, 0.38, 0.39, 0.37, 0.37, 0.4, 0.38, 0.38, 0.36, 0.38, 0.37, 0.39, 0.36, 0.37, 0.37, 0.36, 0.35, 0.41, 0.37, 0.37, 0.35, 0.38, 0.38, 0.37, 0.37, 0.37, 0.37, 0.35, 0.37, 0.36, 0.37, 0.37, 0.38, 0.38, 0.39, 0.37, 0.37, 0.36, 0.35, 0.35, 0.37, 0.37, 0.41, 0.44, 0.37, 0.36, 0.39, 0.42, 0.39, 0.38, 0.36, 0.43, 0.37, 0.37, 0.35, 0.36, 0.38, 0.4, 0.41, 0.39, 0.36, 0.4, 0.4, 0.4, 0.39, 0.37, 0.38, 0.36, 0.38, 0.38, 0.37, 0.37, 0.39, 0.38, 0.37, 0.37, 0.37, 0.36, 0.37, 0.37, 0.37, 0.38, 0.4, 0.36, 0.36, 0.36, 0.39, 0.38, 0.39], "acc_test": [0.21, 0.2, 0.29, 0.23, 0.28, 0.31, 0.32, 0.28, 0.36, 0.32, 0.34, 0.32, 0.34, 0.33, 0.36, 0.36, 0.34, 0.34, 0.35, 0.36, 0.36, 0.38, 0.37, 0.37, 0.36, 0.4, 0.37, 0.37, 0.4, 0.4, 0.4, 0.4, 0.38, 0.4, 0.41, 0.43, 0.39, 0.42, 0.41, 0.42, 0.4, 0.39, 0.4, 0.42, 0.4, 0.42, 0.44, 0.43, 0.41, 0.41, 0.39, 0.42, 0.41, 0.41, 0.41, 0.4, 0.44, 0.42, 0.43, 0.42, 0.42, 0.43, 0.39, 0.4, 0.36, 0.39, 0.4, 0.44, 0.4, 0.4, 0.41, 0.42, 0.43, 0.42, 0.43, 0.43, 0.42, 0.4, 0.42, 0.42, 0.41, 0.43, 0.44, 0.41, 0.44, 0.41, 0.42, 0.43, 0.45, 0.42, 0.43, 0.42, 0.45, 0.44, 0.41, 0.39, 0.39, 0.4, 0.44, 0.44, 0.42, 0.42, 0.41, 0.42, 0.41, 0.43, 0.4, 0.44, 0.42, 0.43, 0.43, 0.42, 0.43, 0.43, 0.44, 0.41, 0.43, 0.42, 0.44, 0.46, 0.42, 0.42, 0.41, 0.43, 0.43, 0.44, 0.44, 0.43, 0.43, 0.42, 0.44, 0.44, 0.41, 0.43, 0.44, 0.42, 0.42, 0.43, 0.43, 0.41, 0.43, 0.44, 0.45, 0.45, 0.45, 0.44, 0.45, 0.41, 0.44, 0.43, 0.43, 0.42, 0.44, 0.43, 0.44, 0.43, 0.43, 0.42, 0.43, 0.43, 0.44, 0.43, 0.4, 0.44, 0.42, 0.42, 0.4, 0.45, 0.44, 0.46, 0.44, 0.43, 0.4, 0.43, 0.44, 0.43, 0.45, 0.43, 0.44, 0.41, 0.41, 0.43, 0.43, 0.44, 0.46, 0.45, 0.44, 0.45, 0.44, 0.43, 0.44, 0.42, 0.43, 0.45, 0.44, 0.44, 0.44, 0.44, 0.46, 0.45, 0.44]}