{"acc_train": [0.16, 0.19, 0.18, 0.21, 0.23, 0.2, 0.27, 0.23, 0.25, 0.25, 0.22, 0.28, 0.27, 0.24, 0.32, 0.32, 0.29, 0.32, 0.29, 0.29, 0.29, 0.31, 0.35, 0.34, 0.35, 0.34, 0.34, 0.33, 0.36, 0.35, 0.33, 0.36, 0.35, 0.38, 0.35, 0.33, 0.31, 0.36, 0.34, 0.35, 0.34, 0.37, 0.39, 0.41, 0.38, 0.43, 0.37, 0.39, 0.38, 0.43, 0.4, 0.41, 0.39, 0.4, 0.4, 0.41, 0.39, 0.41, 0.41, 0.42, 0.44, 0.44, 0.44, 0.44, 0.44, 0.41, 0.41, 0.43, 0.45, 0.45, 0.45, 0.43, 0.44, 0.43, 0.45, 0.45, 0.46, 0.45, 0.44, 0.48, 0.46, 0.47, 0.47, 0.48, 0.51, 0.47, 0.46, 0.49, 0.51, 0.5, 0.51, 0.49, 0.45, 0.5, 0.49, 0.48, 0.5, 0.52, 0.5, 0.49, 0.51, 0.52, 0.51, 0.51, 0.54, 0.54, 0.54, 0.5, 0.55, 0.52, 0.54, 0.52, 0.53, 0.56, 0.56, 0.54, 0.57, 0.55, 0.57, 0.59, 0.59, 0.55, 0.58, 0.57, 0.57, 0.57, 0.56, 0.59, 0.61, 0.58, 0.6, 0.56, 0.6, 0.59, 0.61, 0.6, 0.6, 0.62, 0.61, 0.61, 0.61, 0.62, 0.61, 0.62, 0.64, 0.6, 0.64, 0.6, 0.6, 0.62, 0.63, 0.6, 0.64, 0.64, 0.65, 0.65, 0.67, 0.65, 0.66, 0.66, 0.66, 0.67, 0.68, 0.66, 0.67, 0.68, 0.7, 0.67, 0.66, 0.69, 0.68, 0.7, 0.68, 0.67, 0.69, 0.67, 0.69, 0.67, 0.69, 0.7, 0.7, 0.71, 0.71, 0.71, 0.71, 0.71, 0.68, 0.71, 0.72, 0.73, 0.71, 0.71, 0.72, 0.72, 0.72, 0.72, 0.75, 0.74, 0.73, 0.75, 0.74], "losses": [2.1500000953674316, 2.0199999809265137, 2.0299999713897705, 1.9800000190734863, 1.9600000381469727, 1.940000057220459, 1.850000023841858, 1.8600000143051147, 1.8600000143051147, 1.8600000143051147, 1.8300000429153442, 1.8300000429153442, 1.850000023841858, 1.8799999952316284, 1.899999976158142, 1.7699999809265137, 1.8799999952316284, 1.7599999904632568, 1.7799999713897705, 1.7699999809265137, 1.7799999713897705, 1.7100000381469727, 1.7599999904632568, 1.690000057220459, 1.7000000476837158, 1.7200000286102295, 1.7200000286102295, 1.7300000190734863, 1.6699999570846558, 1.7100000381469727, 1.7200000286102295, 1.7200000286102295, 1.649999976158142, 1.659999966621399, 1.6699999570846558, 1.7400000095367432, 1.8300000429153442, 1.7100000381469727, 1.7400000095367432, 1.6799999475479126, 1.6699999570846558, 1.7000000476837158, 1.7000000476837158, 1.6699999570846558, 1.7000000476837158, 1.6699999570846558, 1.7799999713897705, 1.690000057220459, 1.7400000095367432, 1.690000057220459, 1.6399999856948853, 1.690000057220459, 1.649999976158142, 1.7200000286102295, 1.7599999904632568, 1.7200000286102295, 1.6699999570846558, 1.6799999475479126, 1.649999976158142, 1.6699999570846558, 1.659999966621399, 1.6200000047683716, 1.590000033378601, 1.649999976158142, 1.659999966621399, 1.690000057220459, 1.7599999904632568, 1.690000057220459, 1.649999976158142, 1.690000057220459, 1.649999976158142, 1.6299999952316284, 1.649999976158142, 1.659999966621399, 1.690000057220459, 1.6699999570846558, 1.649999976158142, 1.659999966621399, 1.649999976158142, 1.6699999570846558, 1.6699999570846558, 1.659999966621399, 1.6799999475479126, 1.659999966621399, 1.6399999856948853, 1.6799999475479126, 1.7100000381469727, 1.6299999952316284, 1.690000057220459, 1.6399999856948853, 1.649999976158142, 1.6399999856948853, 1.7400000095367432, 1.649999976158142, 1.7000000476837158, 1.690000057220459, 1.6100000143051147, 1.6100000143051147, 1.7200000286102295, 1.690000057220459, 1.6399999856948853, 1.649999976158142, 1.6299999952316284, 1.75, 1.659999966621399, 1.6699999570846558, 1.6699999570846558, 1.7400000095367432, 1.659999966621399, 1.7200000286102295, 1.6799999475479126, 1.7000000476837158, 1.7799999713897705, 1.6299999952316284, 1.649999976158142, 1.6399999856948853, 1.6100000143051147, 1.659999966621399, 1.6799999475479126, 1.6699999570846558, 1.659999966621399, 1.7000000476837158, 1.659999966621399, 1.6299999952316284, 1.7000000476837158, 1.659999966621399, 1.6699999570846558, 1.659999966621399, 1.600000023841858, 1.6799999475479126, 1.659999966621399, 1.7200000286102295, 1.6399999856948853, 1.7599999904632568, 1.6399999856948853, 1.7200000286102295, 1.6200000047683716, 1.6399999856948853, 1.7100000381469727, 1.75, 1.690000057220459, 1.649999976158142, 1.649999976158142, 1.7000000476837158, 1.659999966621399, 1.6699999570846558, 1.6299999952316284, 1.6699999570846558, 1.6799999475479126, 1.649999976158142, 1.7100000381469727, 1.659999966621399, 1.649999976158142, 1.7100000381469727, 1.6699999570846558, 1.6799999475479126, 1.690000057220459, 1.7400000095367432, 1.7100000381469727, 1.75, 1.75, 1.7100000381469727, 1.7599999904632568, 1.7899999618530273, 1.7599999904632568, 1.659999966621399, 1.7300000190734863, 1.8200000524520874, 1.7899999618530273, 1.7599999904632568, 1.850000023841858, 1.75, 1.7899999618530273, 1.7400000095367432, 1.75, 1.8300000429153442, 1.7899999618530273, 1.8899999856948853, 1.809999942779541, 1.7799999713897705, 1.7400000095367432, 1.8799999952316284, 1.8200000524520874, 1.9199999570846558, 1.940000057220459, 1.7999999523162842, 1.7999999523162842, 1.8600000143051147, 1.7799999713897705, 1.8200000524520874, 1.8300000429153442, 1.909999966621399, 1.899999976158142, 1.909999966621399, 1.840000033378601, 1.899999976158142, 1.809999942779541, 1.809999942779541, 1.8200000524520874, 1.809999942779541, 2.009999990463257], "acc_balanced": [0.33, 0.38, 0.44, 0.42, 0.41, 0.43, 0.4, 0.46, 0.45, 0.42, 0.49, 0.42, 0.45, 0.43, 0.49, 0.45, 0.46, 0.46, 0.43, 0.48, 0.48, 0.44, 0.45, 0.46, 0.44, 0.48, 0.41, 0.49, 0.48, 0.48, 0.46, 0.47, 0.48, 0.49, 0.48, 0.48, 0.45, 0.48, 0.5, 0.46, 0.49, 0.54, 0.48, 0.5, 0.48, 0.51, 0.49, 0.49, 0.5, 0.51, 0.48, 0.45, 0.49, 0.51, 0.51, 0.43, 0.45, 0.48, 0.51, 0.5, 0.5, 0.48, 0.53, 0.48, 0.46, 0.46, 0.49, 0.49, 0.48, 0.5, 0.53, 0.54, 0.49, 0.48, 0.51, 0.48, 0.52, 0.48, 0.52, 0.5, 0.49, 0.52, 0.5, 0.49, 0.47, 0.49, 0.5, 0.51, 0.52, 0.53, 0.47, 0.49, 0.54, 0.48, 0.52, 0.45, 0.47, 0.5, 0.48, 0.49, 0.47, 0.5, 0.46, 0.5, 0.48, 0.49, 0.49, 0.5, 0.49, 0.5, 0.48, 0.47, 0.49, 0.53, 0.5, 0.51, 0.51, 0.45, 0.48, 0.49, 0.52, 0.46, 0.52, 0.47, 0.51, 0.48, 0.48, 0.49, 0.46, 0.46, 0.48, 0.5, 0.45, 0.48, 0.51, 0.46, 0.49, 0.49, 0.47, 0.46, 0.47, 0.49, 0.5, 0.5, 0.48, 0.47, 0.48, 0.5, 0.49, 0.45, 0.44, 0.49, 0.52, 0.48, 0.5, 0.48, 0.5, 0.51, 0.5, 0.47, 0.48, 0.47, 0.49, 0.46, 0.45, 0.5, 0.5, 0.46, 0.49, 0.47, 0.51, 0.46, 0.46, 0.47, 0.45, 0.5, 0.44, 0.5, 0.45, 0.45, 0.49, 0.52, 0.49, 0.49, 0.47, 0.48, 0.5, 0.46, 0.5, 0.46, 0.48, 0.44, 0.49, 0.46, 0.47, 0.44, 0.46, 0.5, 0.47, 0.47, 0.47], "acc_test": [0.15, 0.2, 0.2, 0.22, 0.22, 0.2, 0.26, 0.26, 0.25, 0.26, 0.26, 0.25, 0.27, 0.24, 0.32, 0.3, 0.27, 0.29, 0.27, 0.27, 0.29, 0.29, 0.31, 0.32, 0.32, 0.32, 0.3, 0.32, 0.33, 0.33, 0.29, 0.32, 0.32, 0.36, 0.34, 0.31, 0.27, 0.32, 0.32, 0.33, 0.31, 0.35, 0.34, 0.36, 0.33, 0.38, 0.33, 0.35, 0.34, 0.38, 0.36, 0.36, 0.35, 0.36, 0.34, 0.36, 0.36, 0.37, 0.37, 0.38, 0.38, 0.37, 0.4, 0.38, 0.37, 0.34, 0.35, 0.36, 0.38, 0.38, 0.38, 0.36, 0.35, 0.37, 0.39, 0.36, 0.38, 0.37, 0.36, 0.4, 0.37, 0.4, 0.4, 0.41, 0.4, 0.4, 0.38, 0.39, 0.4, 0.39, 0.38, 0.39, 0.39, 0.4, 0.38, 0.36, 0.38, 0.4, 0.37, 0.37, 0.39, 0.4, 0.39, 0.37, 0.4, 0.42, 0.42, 0.38, 0.4, 0.41, 0.41, 0.37, 0.38, 0.41, 0.41, 0.41, 0.43, 0.39, 0.41, 0.44, 0.43, 0.39, 0.43, 0.4, 0.4, 0.4, 0.41, 0.43, 0.44, 0.42, 0.43, 0.41, 0.43, 0.41, 0.43, 0.43, 0.43, 0.45, 0.4, 0.4, 0.42, 0.43, 0.43, 0.44, 0.44, 0.42, 0.44, 0.42, 0.41, 0.42, 0.42, 0.44, 0.44, 0.43, 0.45, 0.43, 0.44, 0.43, 0.44, 0.43, 0.44, 0.45, 0.45, 0.43, 0.43, 0.46, 0.46, 0.43, 0.43, 0.43, 0.44, 0.45, 0.45, 0.44, 0.45, 0.44, 0.42, 0.43, 0.41, 0.43, 0.45, 0.44, 0.44, 0.42, 0.42, 0.43, 0.44, 0.44, 0.46, 0.45, 0.45, 0.43, 0.44, 0.44, 0.46, 0.44, 0.46, 0.48, 0.44, 0.45, 0.43]}